<?xml version="1.0"?>
<COLLADA xmlns="http://www.collada.org/2005/11/COLLADASchema" version="1.4.1">
	<asset>
		<contributor>
			<author>Assimp</author>
			<authoring_tool>Assimp Exporter</authoring_tool>
		</contributor>
		<created>2026-08-13T01:25:25</created>
		<modified>2026-08-13T01:25:25</modified>
		<unit name="meter" meter="0.010000" />
		<up_axis>Y_UP</up_axis>
	</asset>
	<library_effects>
		<effect id="CheckeredUV_004_1001-fx" name="CheckeredUV_004_1001">
			<profile_COMMON>
				<technique sid="standard">
					<phong>
						<diffuse>
							<color sid="diffuse">0.800000   0.800000   0.800000   1.000000</color>
						</diffuse>
					</phong>
				</technique>
			</profile_COMMON>
		</effect>
	</library_effects>
	<library_materials>
		<material id="CheckeredUV_004_1001" name="CheckeredUV_004_1001">
			<instance_effect url="#CheckeredUV_004_1001-fx"/>
		</material>
	</library_materials>
	<library_geometries>
		<geometry id="meshId0" name="meshId0_name" >
			<mesh>
				<source id="meshId0-positions" name="meshId0-positions">
					<float_array id="meshId0-positions-array" count="60"> 
						-1.385685 0.515778 2.125832 -1.385689 -0.515780 -3.678974 -1.385685 -0.515780 2.125832 -1.385689 0.515778 -3.678974 1.830536 -0.515780 -3.678970 -1.385689 -0.515780 -3.678974 1.830536 0.515778 -3.678970 1.830536 -0.515780 2.125828 1.830536 -0.515780 -3.678970 1.830536 0.515778 2.125828 -1.385685 -0.515780 2.125832 1.830536 -0.515780 2.125828 -1.385689 0.515778 -3.678974 1.830536 0.515778 2.125828 1.830536 0.515778 -3.678970 -1.385689 0.515778 -3.678974 1.830536 0.515778 -3.678970 1.830536 0.515778 2.125828 -1.385685 0.515778 2.125832 -1.385685 0.515778 2.125832 
					</float_array>
					<technique_common>
						<accessor count="20" offset="0" source="#meshId0-positions-array" stride="3">
							<param name="X" type="float" />
							<param name="Y" type="float" />
							<param name="Z" type="float" />
						</accessor>
					</technique_common>
				</source>
				<source id="meshId0-normals" name="meshId0-normals">
					<float_array id="meshId0-normals-array" count="60"> 
						-1.000000 0.000000 0.000000 -1.000000 0.000000 0.000000 -1.000000 0.000000 0.000000 0.000000 0.000000 -1.000000 0.000000 0.000000 -1.000000 0.000000 0.000000 -1.000000 1.000000 0.000000 0.000000 1.000000 0.000000 0.000000 1.000000 0.000000 0.000000 0.000000 0.000000 1.000000 0.000000 0.000000 1.000000 0.000000 0.000000 1.000000 0.000000 1.000000 0.000000 0.000000 1.000000 0.000000 0.000000 1.000000 0.000000 -1.000000 0.000000 0.000000 0.000000 0.000000 -1.000000 1.000000 0.000000 0.000000 0.000000 0.000000 1.000000 0.000000 1.000000 0.000000 
					</float_array>
					<technique_common>
						<accessor count="20" offset="0" source="#meshId0-normals-array" stride="3">
							<param name="X" type="float" />
							<param name="Y" type="float" />
							<param name="Z" type="float" />
						</accessor>
					</technique_common>
				</source>
				<source id="meshId0-tangents" name="meshId0-tangents">
					<float_array id="meshId0-tangents-array" count="60"> 
						0.000000 -1.000000 0.000000 0.000000 -1.000000 0.000000 0.000000 -1.000000 0.000000 0.000000 -1.000000 0.000000 0.000000 -1.000000 0.000000 0.000000 -1.000000 0.000000 0.000000 -1.000000 0.000000 0.000000 -1.000000 0.000000 0.000000 -1.000000 0.000000 0.000000 -1.000000 0.000000 0.000000 -1.000000 0.000000 0.000000 -1.000000 0.000000 -0.000000 0.000000 -1.000000 -0.000000 0.000000 -1.000000 -0.000000 0.000000 -1.000000 0.000000 -1.000000 0.000000 0.000000 -1.000000 0.000000 0.000000 -1.000000 0.000000 0.000000 -1.000000 0.000000 -0.000000 0.000000 -1.000000 
					</float_array>
					<technique_common>
						<accessor count="20" offset="0" source="#meshId0-tangents-array" stride="3">
							<param name="X" type="float" />
							<param name="Y" type="float" />
							<param name="Z" type="float" />
						</accessor>
					</technique_common>
				</source>
				<source id="meshId0-bitangents" name="meshId0-bitangents">
					<float_array id="meshId0-bitangents-array" count="60"> 
						0.000000 0.000000 1.000000 0.000000 0.000000 1.000000 0.000000 0.000000 1.000000 -1.000000 -0.000000 0.000000 -1.000000 -0.000000 0.000000 -1.000000 -0.000000 0.000000 0.000000 0.000000 -1.000000 0.000000 0.000000 -1.000000 0.000000 0.000000 -1.000000 1.000000 0.000000 -0.000000 1.000000 0.000000 -0.000000 1.000000 0.000000 0.000000 -1.000000 0.000000 0.000000 -1.000000 0.000000 0.000000 -1.000000 0.000000 0.000000 0.000000 0.000000 1.000000 -1.000000 -0.000000 0.000000 0.000000 0.000000 -1.000000 1.000000 0.000000 0.000000 -1.000000 0.000000 0.000000 
					</float_array>
					<technique_common>
						<accessor count="20" offset="0" source="#meshId0-bitangents-array" stride="3">
							<param name="X" type="float" />
							<param name="Y" type="float" />
							<param name="Z" type="float" />
						</accessor>
					</technique_common>
				</source>
				<source id="meshId0-tex0" name="meshId0-tex0">
					<float_array id="meshId0-tex0-array" count="40"> 
						0.473002 0.910465 0.475483 0.896503 0.475483 0.910465 0.140260 0.915941 0.142741 0.908205 0.142741 0.915941 0.476548 0.910465 0.479029 0.896503 0.479029 0.910465 0.143806 0.915941 0.146287 0.908205 0.146287 0.915941 0.163719 0.989806 0.110694 0.960427 0.163719 0.960427 0.473002 0.896503 0.140260 0.908205 0.476548 0.896503 0.143806 0.908205 0.110694 0.989806 
					</float_array>
					<technique_common>
						<accessor count="20" offset="0" source="#meshId0-tex0-array" stride="2">
							<param name="S" type="float" />
							<param name="T" type="float" />
						</accessor>
					</technique_common>
				</source>
				<vertices id="meshId0-vertices">
					<input semantic="POSITION" source="#meshId0-positions" />
				</vertices>
				<polylist count="10" material="defaultMaterial">
					<input offset="0" semantic="VERTEX" source="#meshId0-vertices" />
					<input offset="0" semantic="NORMAL" source="#meshId0-normals" />
					<input offset="0" semantic="TANGENT" source="#meshId0-tangents" />
					<input offset="0" semantic="BINORMAL" source="#meshId0-bitangents" />
					<input offset="0" semantic="TEXCOORD" source="#meshId0-tex0" set="0" />
					<vcount>
						3 3 3 3 3 3 3 3 3 3 
					</vcount>
					<p>
						0 1 2 3 4 5 6 7 8 9 10 11 12 13 14 0 15 1 3 16 4 6 17 7 9 18 10 12 19 13 
					</p>
				</polylist>
			</mesh>
		</geometry>
		<geometry id="meshId1" name="meshId1_name" >
			<mesh>
				<source id="meshId1-positions" name="meshId1-positions">
					<float_array id="meshId1-positions-array" count="60"> 
						-1.840298 0.515778 6.923097 -1.840298 -0.515780 -6.927015 -1.840298 -0.515780 6.923097 -1.840298 0.515778 -6.927015 1.878380 -0.515780 -6.927014 -1.840298 -0.515780 -6.927015 1.878380 0.515778 -6.927014 1.878384 -0.515780 6.923097 1.878380 -0.515780 -6.927014 1.878384 0.515778 6.923097 -1.840298 -0.515780 6.923097 1.878384 -0.515780 6.923097 -1.840298 0.515778 -6.927015 1.878384 0.515778 6.923097 1.878380 0.515778 -6.927014 -1.840298 0.515778 -6.927015 1.878380 0.515778 -6.927014 1.878384 0.515778 6.923097 -1.840298 0.515778 6.923097 -1.840298 0.515778 6.923097 
					</float_array>
					<technique_common>
						<accessor count="20" offset="0" source="#meshId1-positions-array" stride="3">
							<param name="X" type="float" />
							<param name="Y" type="float" />
							<param name="Z" type="float" />
						</accessor>
					</technique_common>
				</source>
				<source id="meshId1-normals" name="meshId1-normals">
					<float_array id="meshId1-normals-array" count="60"> 
						-1.000000 0.000000 0.000000 -1.000000 0.000000 0.000000 -1.000000 0.000000 0.000000 0.000000 0.000000 -1.000000 0.000000 0.000000 -1.000000 0.000000 0.000000 -1.000000 1.000000 0.000000 0.000000 1.000000 0.000000 0.000000 1.000000 0.000000 0.000000 0.000000 0.000000 1.000000 0.000000 0.000000 1.000000 0.000000 0.000000 1.000000 0.000000 1.000000 0.000000 0.000000 1.000000 0.000000 0.000000 1.000000 0.000000 -1.000000 0.000000 0.000000 0.000000 0.000000 -1.000000 1.000000 0.000000 0.000000 0.000000 0.000000 1.000000 0.000000 1.000000 0.000000 
					</float_array>
					<technique_common>
						<accessor count="20" offset="0" source="#meshId1-normals-array" stride="3">
							<param name="X" type="float" />
							<param name="Y" type="float" />
							<param name="Z" type="float" />
						</accessor>
					</technique_common>
				</source>
				<source id="meshId1-tangents" name="meshId1-tangents">
					<float_array id="meshId1-tangents-array" count="60"> 
						0.000000 -1.000000 0.000000 0.000000 -1.000000 0.000000 0.000000 -1.000000 0.000000 0.000000 -1.000000 0.000000 0.000000 -1.000000 0.000000 0.000000 -1.000000 0.000000 0.000000 -1.000000 0.000000 0.000000 -1.000000 0.000000 0.000000 -1.000000 0.000000 0.000000 -1.000000 0.000000 0.000000 -1.000000 0.000000 0.000000 -1.000000 0.000000 -1.000000 0.000000 -0.000000 -1.000000 0.000000 -0.000000 -1.000000 0.000000 -0.000000 0.000000 -1.000000 0.000000 0.000000 -1.000000 0.000000 0.000000 -1.000000 0.000000 0.000000 -1.000000 0.000000 -1.000000 0.000000 -0.000000 
					</float_array>
					<technique_common>
						<accessor count="20" offset="0" source="#meshId1-tangents-array" stride="3">
							<param name="X" type="float" />
							<param name="Y" type="float" />
							<param name="Z" type="float" />
						</accessor>
					</technique_common>
				</source>
				<source id="meshId1-bitangents" name="meshId1-bitangents">
					<float_array id="meshId1-bitangents-array" count="60"> 
						0.000000 0.000000 1.000000 0.000000 0.000000 1.000000 0.000000 0.000000 1.000000 -1.000000 -0.000000 0.000000 -1.000000 -0.000000 0.000000 -1.000000 -0.000000 0.000000 0.000000 0.000000 -1.000000 0.000000 0.000000 -1.000000 0.000000 0.000000 -1.000000 1.000000 0.000000 0.000000 1.000000 0.000000 0.000000 1.000000 0.000000 0.000000 -0.000000 0.000000 1.000000 -0.000000 0.000000 1.000000 -0.000000 0.000000 1.000000 0.000000 0.000000 1.000000 -1.000000 -0.000000 0.000000 0.000000 0.000000 -1.000000 1.000000 0.000000 0.000000 -0.000000 0.000000 1.000000 
					</float_array>
					<technique_common>
						<accessor count="20" offset="0" source="#meshId1-bitangents-array" stride="3">
							<param name="X" type="float" />
							<param name="Y" type="float" />
							<param name="Z" type="float" />
						</accessor>
					</technique_common>
				</source>
				<source id="meshId1-tex0" name="meshId1-tex0">
					<float_array id="meshId1-tex0-array" count="40"> 
						0.302001 0.716476 0.304482 0.683164 0.304482 0.716476 0.185272 0.917149 0.187753 0.908205 0.187753 0.917149 0.302001 0.750854 0.304482 0.717542 0.304482 0.750854 0.133167 0.917149 0.135648 0.908205 0.135648 0.917149 0.046532 0.480304 0.012564 0.606819 0.012564 0.480304 0.302001 0.683164 0.185272 0.908205 0.302001 0.717542 0.133167 0.908205 0.046532 0.606819 
					</float_array>
					<technique_common>
						<accessor count="20" offset="0" source="#meshId1-tex0-array" stride="2">
							<param name="S" type="float" />
							<param name="T" type="float" />
						</accessor>
					</technique_common>
				</source>
				<vertices id="meshId1-vertices">
					<input semantic="POSITION" source="#meshId1-positions" />
				</vertices>
				<polylist count="10" material="defaultMaterial">
					<input offset="0" semantic="VERTEX" source="#meshId1-vertices" />
					<input offset="0" semantic="NORMAL" source="#meshId1-normals" />
					<input offset="0" semantic="TANGENT" source="#meshId1-tangents" />
					<input offset="0" semantic="BINORMAL" source="#meshId1-bitangents" />
					<input offset="0" semantic="TEXCOORD" source="#meshId1-tex0" set="0" />
					<vcount>
						3 3 3 3 3 3 3 3 3 3 
					</vcount>
					<p>
						0 1 2 3 4 5 6 7 8 9 10 11 12 13 14 0 15 1 3 16 4 6 17 7 9 18 10 12 19 13 
					</p>
				</polylist>
			</mesh>
		</geometry>
		<geometry id="meshId2" name="meshId2_name" >
			<mesh>
				<source id="meshId2-positions" name="meshId2-positions">
					<float_array id="meshId2-positions-array" count="60"> 
						-2.857174 0.515778 4.889345 -2.857174 -0.515780 -6.478386 -2.857174 -0.515780 4.889345 -2.857174 0.515778 -6.478386 2.655994 -0.515780 -6.478382 -2.857174 -0.515780 -6.478386 2.655994 0.515778 -6.478382 2.655994 -0.515780 4.889345 2.655994 -0.515780 -6.478382 2.655994 0.515778 4.889345 -2.857174 -0.515780 4.889345 2.655994 -0.515780 4.889345 -2.857174 0.515778 -6.478386 2.655994 0.515778 4.889345 2.655994 0.515778 -6.478382 -2.857174 0.515778 -6.478386 2.655994 0.515778 -6.478382 2.655994 0.515778 4.889345 -2.857174 0.515778 4.889345 -2.857174 0.515778 4.889345 
					</float_array>
					<technique_common>
						<accessor count="20" offset="0" source="#meshId2-positions-array" stride="3">
							<param name="X" type="float" />
							<param name="Y" type="float" />
							<param name="Z" type="float" />
						</accessor>
					</technique_common>
				</source>
				<source id="meshId2-normals" name="meshId2-normals">
					<float_array id="meshId2-normals-array" count="60"> 
						-1.000000 0.000000 0.000000 -1.000000 0.000000 0.000000 -1.000000 0.000000 0.000000 0.000000 0.000000 -1.000000 0.000000 0.000000 -1.000000 0.000000 0.000000 -1.000000 1.000000 0.000000 0.000000 1.000000 0.000000 0.000000 1.000000 0.000000 0.000000 0.000000 0.000000 1.000000 0.000000 0.000000 1.000000 0.000000 0.000000 1.000000 0.000000 1.000000 0.000000 0.000000 1.000000 0.000000 0.000000 1.000000 0.000000 -1.000000 0.000000 0.000000 0.000000 0.000000 -1.000000 1.000000 0.000000 0.000000 0.000000 0.000000 1.000000 0.000000 1.000000 0.000000 
					</float_array>
					<technique_common>
						<accessor count="20" offset="0" source="#meshId2-normals-array" stride="3">
							<param name="X" type="float" />
							<param name="Y" type="float" />
							<param name="Z" type="float" />
						</accessor>
					</technique_common>
				</source>
				<source id="meshId2-tangents" name="meshId2-tangents">
					<float_array id="meshId2-tangents-array" count="60"> 
						0.000000 -1.000000 0.000000 0.000000 -1.000000 0.000000 0.000000 -1.000000 0.000000 0.000000 -1.000000 0.000000 0.000000 -1.000000 0.000000 0.000000 -1.000000 0.000000 0.000000 -1.000000 0.000000 0.000000 -1.000000 0.000000 0.000000 -1.000000 0.000000 0.000000 -1.000000 0.000000 0.000000 -1.000000 0.000000 0.000000 -1.000000 0.000000 0.000000 0.000000 -1.000000 0.000000 0.000000 -1.000000 0.000000 0.000000 -1.000000 0.000000 -1.000000 0.000000 0.000000 -1.000000 0.000000 0.000000 -1.000000 0.000000 0.000000 -1.000000 0.000000 0.000000 0.000000 -1.000000 
					</float_array>
					<technique_common>
						<accessor count="20" offset="0" source="#meshId2-tangents-array" stride="3">
							<param name="X" type="float" />
							<param name="Y" type="float" />
							<param name="Z" type="float" />
						</accessor>
					</technique_common>
				</source>
				<source id="meshId2-bitangents" name="meshId2-bitangents">
					<float_array id="meshId2-bitangents-array" count="60"> 
						0.000000 0.000000 1.000000 0.000000 0.000000 1.000000 0.000000 0.000000 1.000000 -1.000000 -0.000000 0.000000 -1.000000 -0.000000 0.000000 -1.000000 -0.000000 0.000000 -0.000000 0.000000 -1.000000 -0.000000 0.000000 -1.000000 0.000000 0.000000 -1.000000 1.000000 0.000000 0.000000 1.000000 0.000000 0.000000 1.000000 0.000000 0.000000 -1.000000 0.000000 -0.000000 -1.000000 0.000000 -0.000000 -1.000000 0.000000 -0.000000 0.000000 0.000000 1.000000 -1.000000 -0.000000 0.000000 0.000000 0.000000 -1.000000 1.000000 0.000000 0.000000 -1.000000 0.000000 -0.000000 
					</float_array>
					<technique_common>
						<accessor count="20" offset="0" source="#meshId2-bitangents-array" stride="3">
							<param name="X" type="float" />
							<param name="Y" type="float" />
							<param name="Z" type="float" />
						</accessor>
					</technique_common>
				</source>
				<source id="meshId2-tex0" name="meshId2-tex0">
					<float_array id="meshId2-tex0-array" count="40"> 
						0.234814 0.711625 0.237295 0.684283 0.237295 0.711625 0.161623 0.921465 0.164104 0.908205 0.164104 0.921465 0.302001 0.779261 0.304482 0.751919 0.304482 0.779261 0.165169 0.921465 0.167650 0.908205 0.167650 0.921465 0.510015 0.980522 0.406176 0.930161 0.510015 0.930161 0.234814 0.684283 0.161623 0.908205 0.302001 0.751919 0.165169 0.908205 0.406176 0.980522 
					</float_array>
					<technique_common>
						<accessor count="20" offset="0" source="#meshId2-tex0-array" stride="2">
							<param name="S" type="float" />
							<param name="T" type="float" />
						</accessor>
					</technique_common>
				</source>
				<vertices id="meshId2-vertices">
					<input semantic="POSITION" source="#meshId2-positions" />
				</vertices>
				<polylist count="10" material="defaultMaterial">
					<input offset="0" semantic="VERTEX" source="#meshId2-vertices" />
					<input offset="0" semantic="NORMAL" source="#meshId2-normals" />
					<input offset="0" semantic="TANGENT" source="#meshId2-tangents" />
					<input offset="0" semantic="BINORMAL" source="#meshId2-bitangents" />
					<input offset="0" semantic="TEXCOORD" source="#meshId2-tex0" set="0" />
					<vcount>
						3 3 3 3 3 3 3 3 3 3 
					</vcount>
					<p>
						0 1 2 3 4 5 6 7 8 9 10 11 12 13 14 0 15 1 3 16 4 6 17 7 9 18 10 12 19 13 
					</p>
				</polylist>
			</mesh>
		</geometry>
		<geometry id="meshId3" name="meshId3_name" >
			<mesh>
				<source id="meshId3-positions" name="meshId3-positions">
					<float_array id="meshId3-positions-array" count="60"> 
						-1.385689 0.515778 3.238430 -1.385689 -0.515780 -5.365791 -1.385689 -0.515780 3.238430 -1.385689 0.515778 -5.365791 1.292191 -0.515780 -5.365795 -1.385689 -0.515780 -5.365791 1.292191 0.515778 -5.365795 1.292187 -0.515780 3.238426 1.292191 -0.515780 -5.365795 1.292187 0.515778 3.238426 -1.385689 -0.515780 3.238430 1.292187 -0.515780 3.238426 -1.385689 0.515778 -5.365791 1.292187 0.515778 3.238426 1.292191 0.515778 -5.365795 -1.385689 0.515778 -5.365791 1.292191 0.515778 -5.365795 1.292187 0.515778 3.238426 -1.385689 0.515778 3.238430 -1.385689 0.515778 3.238430 
					</float_array>
					<technique_common>
						<accessor count="20" offset="0" source="#meshId3-positions-array" stride="3">
							<param name="X" type="float" />
							<param name="Y" type="float" />
							<param name="Z" type="float" />
						</accessor>
					</technique_common>
				</source>
				<source id="meshId3-normals" name="meshId3-normals">
					<float_array id="meshId3-normals-array" count="60"> 
						-1.000000 0.000000 0.000000 -1.000000 0.000000 0.000000 -1.000000 0.000000 0.000000 0.000000 0.000000 -1.000000 0.000000 0.000000 -1.000000 0.000000 0.000000 -1.000000 1.000000 0.000000 0.000000 1.000000 0.000000 0.000000 1.000000 0.000000 0.000000 0.000000 0.000000 1.000000 0.000000 0.000000 1.000000 0.000000 0.000000 1.000000 0.000000 1.000000 0.000000 0.000000 1.000000 0.000000 0.000000 1.000000 0.000000 -1.000000 0.000000 0.000000 0.000000 0.000000 -1.000000 1.000000 0.000000 0.000000 0.000000 0.000000 1.000000 0.000000 1.000000 0.000000 
					</float_array>
					<technique_common>
						<accessor count="20" offset="0" source="#meshId3-normals-array" stride="3">
							<param name="X" type="float" />
							<param name="Y" type="float" />
							<param name="Z" type="float" />
						</accessor>
					</technique_common>
				</source>
				<source id="meshId3-tangents" name="meshId3-tangents">
					<float_array id="meshId3-tangents-array" count="60"> 
						0.000000 -1.000000 0.000000 0.000000 -1.000000 0.000000 0.000000 -1.000000 0.000000 0.000000 -1.000000 0.000000 0.000000 -1.000000 0.000000 0.000000 -1.000000 0.000000 0.000000 -1.000000 0.000000 0.000000 -1.000000 0.000000 0.000000 -1.000000 0.000000 0.000000 -1.000000 0.000000 0.000000 -1.000000 0.000000 0.000000 -1.000000 0.000000 0.000000 0.000000 -1.000000 -0.000000 0.000000 -1.000000 0.000000 0.000000 -1.000000 0.000000 -1.000000 0.000000 0.000000 -1.000000 0.000000 0.000000 -1.000000 0.000000 0.000000 -1.000000 0.000000 -0.000000 0.000000 -1.000000 
					</float_array>
					<technique_common>
						<accessor count="20" offset="0" source="#meshId3-tangents-array" stride="3">
							<param name="X" type="float" />
							<param name="Y" type="float" />
							<param name="Z" type="float" />
						</accessor>
					</technique_common>
				</source>
				<source id="meshId3-bitangents" name="meshId3-bitangents">
					<float_array id="meshId3-bitangents-array" count="60"> 
						0.000000 0.000000 1.000000 0.000000 0.000000 1.000000 0.000000 0.000000 1.000000 -1.000000 -0.000000 0.000000 -1.000000 -0.000000 0.000000 -1.000000 -0.000000 0.000000 -0.000000 0.000000 -1.000000 -0.000000 0.000000 -1.000000 0.000000 0.000000 -1.000000 1.000000 0.000000 0.000000 1.000000 0.000000 0.000000 1.000000 0.000000 0.000000 -1.000000 0.000000 -0.000000 -1.000000 0.000000 0.000000 -1.000000 0.000000 -0.000000 0.000000 0.000000 1.000000 -1.000000 -0.000000 0.000000 0.000000 0.000000 -1.000000 1.000000 0.000000 0.000000 -1.000000 0.000000 0.000000 
					</float_array>
					<technique_common>
						<accessor count="20" offset="0" source="#meshId3-bitangents-array" stride="3">
							<param name="X" type="float" />
							<param name="Y" type="float" />
							<param name="Z" type="float" />
						</accessor>
					</technique_common>
				</source>
				<source id="meshId3-tex0" name="meshId3-tex0">
					<float_array id="meshId3-tex0-array" count="40"> 
						0.423350 0.917198 0.425832 0.896503 0.425832 0.917198 0.286513 0.275322 0.292545 0.259665 0.292545 0.275322 0.426897 0.917198 0.429378 0.896503 0.429378 0.917198 0.199052 0.595732 0.205084 0.580074 0.205084 0.595732 0.537836 0.119245 0.459240 0.094784 0.537836 0.094784 0.423350 0.896503 0.286513 0.259665 0.426897 0.896503 0.199052 0.580074 0.459240 0.119245 
					</float_array>
					<technique_common>
						<accessor count="20" offset="0" source="#meshId3-tex0-array" stride="2">
							<param name="S" type="float" />
							<param name="T" type="float" />
						</accessor>
					</technique_common>
				</source>
				<vertices id="meshId3-vertices">
					<input semantic="POSITION" source="#meshId3-positions" />
				</vertices>
				<polylist count="10" material="defaultMaterial">
					<input offset="0" semantic="VERTEX" source="#meshId3-vertices" />
					<input offset="0" semantic="NORMAL" source="#meshId3-normals" />
					<input offset="0" semantic="TANGENT" source="#meshId3-tangents" />
					<input offset="0" semantic="BINORMAL" source="#meshId3-bitangents" />
					<input offset="0" semantic="TEXCOORD" source="#meshId3-tex0" set="0" />
					<vcount>
						3 3 3 3 3 3 3 3 3 3 
					</vcount>
					<p>
						0 1 2 3 4 5 6 7 8 9 10 11 12 13 14 0 15 1 3 16 4 6 17 7 9 18 10 12 19 13 
					</p>
				</polylist>
			</mesh>
		</geometry>
		<geometry id="meshId4" name="meshId4_name" >
			<mesh>
				<source id="meshId4-positions" name="meshId4-positions">
					<float_array id="meshId4-positions-array" count="60"> 
						-1.385689 0.515778 2.125833 -1.385689 -0.515780 -3.678973 -1.385689 -0.515780 2.125833 -1.385689 0.515778 -3.678973 1.830532 -0.515780 -3.678973 -1.385689 -0.515780 -3.678973 1.830532 0.515778 -3.678973 1.830532 -0.515780 2.125833 1.830532 -0.515780 -3.678973 1.830532 0.515778 2.125833 -1.385689 -0.515780 2.125833 1.830532 -0.515780 2.125833 -1.385689 0.515778 -3.678973 1.830532 0.515778 2.125833 1.830532 0.515778 -3.678973 -1.385689 0.515778 -3.678973 1.830532 0.515778 -3.678973 1.830532 0.515778 2.125833 -1.385689 0.515778 2.125833 -1.385689 0.515778 2.125833 
					</float_array>
					<technique_common>
						<accessor count="20" offset="0" source="#meshId4-positions-array" stride="3">
							<param name="X" type="float" />
							<param name="Y" type="float" />
							<param name="Z" type="float" />
						</accessor>
					</technique_common>
				</source>
				<source id="meshId4-normals" name="meshId4-normals">
					<float_array id="meshId4-normals-array" count="60"> 
						-1.000000 0.000000 0.000000 -1.000000 0.000000 0.000000 -1.000000 0.000000 0.000000 0.000000 0.000000 -1.000000 0.000000 0.000000 -1.000000 0.000000 0.000000 -1.000000 1.000000 0.000000 0.000000 1.000000 0.000000 0.000000 1.000000 0.000000 0.000000 0.000000 0.000000 1.000000 0.000000 0.000000 1.000000 0.000000 0.000000 1.000000 0.000000 1.000000 0.000000 0.000000 1.000000 0.000000 0.000000 1.000000 0.000000 -1.000000 0.000000 0.000000 0.000000 0.000000 -1.000000 1.000000 0.000000 0.000000 0.000000 0.000000 1.000000 0.000000 1.000000 0.000000 
					</float_array>
					<technique_common>
						<accessor count="20" offset="0" source="#meshId4-normals-array" stride="3">
							<param name="X" type="float" />
							<param name="Y" type="float" />
							<param name="Z" type="float" />
						</accessor>
					</technique_common>
				</source>
				<source id="meshId4-tangents" name="meshId4-tangents">
					<float_array id="meshId4-tangents-array" count="60"> 
						0.000000 -1.000000 0.000000 0.000000 -1.000000 0.000000 0.000000 -1.000000 0.000000 0.000000 -1.000000 0.000000 0.000000 -1.000000 0.000000 0.000000 -1.000000 0.000000 0.000000 -1.000000 0.000000 0.000000 -1.000000 0.000000 0.000000 -1.000000 0.000000 0.000000 -1.000000 0.000000 0.000000 -1.000000 0.000000 0.000000 -1.000000 0.000000 -1.000000 0.000000 -0.000000 -1.000000 0.000000 -0.000000 -1.000000 0.000000 -0.000000 0.000000 -1.000000 0.000000 0.000000 -1.000000 0.000000 0.000000 -1.000000 0.000000 0.000000 -1.000000 0.000000 -1.000000 0.000000 -0.000000 
					</float_array>
					<technique_common>
						<accessor count="20" offset="0" source="#meshId4-tangents-array" stride="3">
							<param name="X" type="float" />
							<param name="Y" type="float" />
							<param name="Z" type="float" />
						</accessor>
					</technique_common>
				</source>
				<source id="meshId4-bitangents" name="meshId4-bitangents">
					<float_array id="meshId4-bitangents-array" count="60"> 
						0.000000 0.000000 1.000000 0.000000 0.000000 1.000000 0.000000 0.000000 1.000000 -1.000000 -0.000000 0.000000 -1.000000 -0.000000 0.000000 -1.000000 -0.000000 0.000000 -0.000000 0.000000 -1.000000 -0.000000 0.000000 -1.000000 0.000000 0.000000 -1.000000 1.000000 0.000000 -0.000000 1.000000 0.000000 -0.000000 1.000000 0.000000 0.000000 -0.000000 0.000000 1.000000 -0.000000 0.000000 1.000000 -0.000000 0.000000 1.000000 0.000000 0.000000 1.000000 -1.000000 -0.000000 0.000000 0.000000 0.000000 -1.000000 1.000000 0.000000 0.000000 -0.000000 0.000000 1.000000 
					</float_array>
					<technique_common>
						<accessor count="20" offset="0" source="#meshId4-bitangents-array" stride="3">
							<param name="X" type="float" />
							<param name="Y" type="float" />
							<param name="Z" type="float" />
						</accessor>
					</technique_common>
				</source>
				<source id="meshId4-tex0" name="meshId4-tex0">
					<float_array id="meshId4-tex0-array" count="40"> 
						0.458815 0.910465 0.461297 0.896503 0.461297 0.910465 0.136713 0.915941 0.139194 0.908205 0.139194 0.915941 0.462362 0.910465 0.464843 0.896503 0.464843 0.910465 0.188818 0.915941 0.191299 0.908205 0.191299 0.915941 0.988547 0.681441 0.959168 0.734465 0.959168 0.681441 0.458815 0.896503 0.136713 0.908205 0.462362 0.896503 0.188818 0.908205 0.988547 0.734465 
					</float_array>
					<technique_common>
						<accessor count="20" offset="0" source="#meshId4-tex0-array" stride="2">
							<param name="S" type="float" />
							<param name="T" type="float" />
						</accessor>
					</technique_common>
				</source>
				<vertices id="meshId4-vertices">
					<input semantic="POSITION" source="#meshId4-positions" />
				</vertices>
				<polylist count="10" material="defaultMaterial">
					<input offset="0" semantic="VERTEX" source="#meshId4-vertices" />
					<input offset="0" semantic="NORMAL" source="#meshId4-normals" />
					<input offset="0" semantic="TANGENT" source="#meshId4-tangents" />
					<input offset="0" semantic="BINORMAL" source="#meshId4-bitangents" />
					<input offset="0" semantic="TEXCOORD" source="#meshId4-tex0" set="0" />
					<vcount>
						3 3 3 3 3 3 3 3 3 3 
					</vcount>
					<p>
						0 1 2 3 4 5 6 7 8 9 10 11 12 13 14 0 15 1 3 16 4 6 17 7 9 18 10 12 19 13 
					</p>
				</polylist>
			</mesh>
		</geometry>
		<geometry id="meshId5" name="meshId5_name" >
			<mesh>
				<source id="meshId5-positions" name="meshId5-positions">
					<float_array id="meshId5-positions-array" count="60"> 
						-1.716579 0.638943 4.411863 -1.716583 -0.638944 -4.557484 -1.716579 -0.638944 4.411863 -1.716583 0.638943 -4.557484 2.267651 -0.638944 -4.557482 -1.716583 -0.638944 -4.557484 2.267651 0.638943 -4.557482 2.267651 -0.638944 4.411863 2.267651 -0.638944 -4.557482 2.267651 0.638943 4.411863 -1.716579 -0.638944 4.411863 2.267651 -0.638944 4.411863 -1.716583 0.638943 -4.557484 2.267651 0.638943 4.411863 2.267651 0.638943 -4.557482 -1.716583 0.638943 -4.557484 2.267651 0.638943 -4.557482 2.267651 0.638943 4.411863 -1.716579 0.638943 4.411863 -1.716579 0.638943 4.411863 
					</float_array>
					<technique_common>
						<accessor count="20" offset="0" source="#meshId5-positions-array" stride="3">
							<param name="X" type="float" />
							<param name="Y" type="float" />
							<param name="Z" type="float" />
						</accessor>
					</technique_common>
				</source>
				<source id="meshId5-normals" name="meshId5-normals">
					<float_array id="meshId5-normals-array" count="60"> 
						-1.000000 0.000000 0.000000 -1.000000 0.000000 0.000000 -1.000000 0.000000 0.000000 0.000000 0.000000 -1.000000 0.000000 0.000000 -1.000000 0.000000 0.000000 -1.000000 1.000000 0.000000 0.000000 1.000000 0.000000 0.000000 1.000000 0.000000 0.000000 0.000000 0.000000 1.000000 0.000000 0.000000 1.000000 0.000000 0.000000 1.000000 0.000000 1.000000 0.000000 0.000000 1.000000 0.000000 0.000000 1.000000 0.000000 -1.000000 0.000000 0.000000 0.000000 0.000000 -1.000000 1.000000 0.000000 0.000000 0.000000 0.000000 1.000000 0.000000 1.000000 0.000000 
					</float_array>
					<technique_common>
						<accessor count="20" offset="0" source="#meshId5-normals-array" stride="3">
							<param name="X" type="float" />
							<param name="Y" type="float" />
							<param name="Z" type="float" />
						</accessor>
					</technique_common>
				</source>
				<source id="meshId5-tangents" name="meshId5-tangents">
					<float_array id="meshId5-tangents-array" count="60"> 
						0.000000 -1.000000 0.000000 0.000000 -1.000000 0.000000 0.000000 -1.000000 0.000000 0.000000 -1.000000 0.000000 0.000000 -1.000000 0.000000 0.000000 -1.000000 0.000000 0.000000 -1.000000 0.000000 0.000000 -1.000000 0.000000 0.000000 -1.000000 0.000000 0.000000 -1.000000 0.000000 0.000000 -1.000000 0.000000 0.000000 -1.000000 0.000000 -1.000000 0.000000 -0.000000 -1.000000 0.000000 -0.000000 -1.000000 0.000000 -0.000000 0.000000 -1.000000 0.000000 0.000000 -1.000000 0.000000 0.000000 -1.000000 0.000000 0.000000 -1.000000 0.000000 -1.000000 0.000000 -0.000000 
					</float_array>
					<technique_common>
						<accessor count="20" offset="0" source="#meshId5-tangents-array" stride="3">
							<param name="X" type="float" />
							<param name="Y" type="float" />
							<param name="Z" type="float" />
						</accessor>
					</technique_common>
				</source>
				<source id="meshId5-bitangents" name="meshId5-bitangents">
					<float_array id="meshId5-bitangents-array" count="60"> 
						0.000000 0.000000 1.000000 0.000000 0.000000 1.000000 0.000000 0.000000 1.000000 -1.000000 -0.000000 0.000000 -1.000000 -0.000000 0.000000 -1.000000 -0.000000 0.000000 0.000000 0.000000 -1.000000 0.000000 0.000000 -1.000000 0.000000 0.000000 -1.000000 1.000000 0.000000 0.000000 1.000000 0.000000 0.000000 1.000000 0.000000 0.000000 -0.000000 0.000000 1.000000 -0.000000 0.000000 1.000000 -0.000000 0.000000 1.000000 0.000000 0.000000 1.000000 -1.000000 -0.000000 0.000000 0.000000 0.000000 -1.000000 1.000000 0.000000 0.000000 -0.000000 0.000000 1.000000 
					</float_array>
					<technique_common>
						<accessor count="20" offset="0" source="#meshId5-bitangents-array" stride="3">
							<param name="X" type="float" />
							<param name="Y" type="float" />
							<param name="Z" type="float" />
						</accessor>
					</technique_common>
				</source>
				<source id="meshId5-tex0" name="meshId5-tex0">
					<float_array id="meshId5-tex0-array" count="40"> 
						0.302001 0.801900 0.305074 0.780326 0.305074 0.801900 0.176994 0.917788 0.180067 0.908205 0.180067 0.917788 0.249315 0.811649 0.252388 0.790075 0.252388 0.811649 0.181133 0.917788 0.184206 0.908205 0.184206 0.917788 0.046559 0.396634 0.010165 0.478565 0.010165 0.396634 0.302001 0.780326 0.176994 0.908205 0.249315 0.790075 0.181133 0.908205 0.046559 0.478565 
					</float_array>
					<technique_common>
						<accessor count="20" offset="0" source="#meshId5-tex0-array" stride="2">
							<param name="S" type="float" />
							<param name="T" type="float" />
						</accessor>
					</technique_common>
				</source>
				<vertices id="meshId5-vertices">
					<input semantic="POSITION" source="#meshId5-positions" />
				</vertices>
				<polylist count="10" material="defaultMaterial">
					<input offset="0" semantic="VERTEX" source="#meshId5-vertices" />
					<input offset="0" semantic="NORMAL" source="#meshId5-normals" />
					<input offset="0" semantic="TANGENT" source="#meshId5-tangents" />
					<input offset="0" semantic="BINORMAL" source="#meshId5-bitangents" />
					<input offset="0" semantic="TEXCOORD" source="#meshId5-tex0" set="0" />
					<vcount>
						3 3 3 3 3 3 3 3 3 3 
					</vcount>
					<p>
						0 1 2 3 4 5 6 7 8 9 10 11 12 13 14 0 15 1 3 16 4 6 17 7 9 18 10 12 19 13 
					</p>
				</polylist>
			</mesh>
		</geometry>
		<geometry id="meshId6" name="meshId6_name" >
			<mesh>
				<source id="meshId6-positions" name="meshId6-positions">
					<float_array id="meshId6-positions-array" count="60"> 
						-2.065506 0.638943 3.514626 -2.065506 -0.638944 -4.208549 -2.065506 -0.638944 3.514626 -2.065506 0.638943 -4.208549 2.616585 -0.638944 -4.208553 -2.065506 -0.638944 -4.208549 2.616585 0.638943 -4.208553 2.616581 -0.638944 3.514622 2.616585 -0.638944 -4.208553 2.616581 0.638943 3.514622 -2.065506 -0.638944 3.514626 2.616581 -0.638944 3.514622 -2.065506 0.638943 -4.208549 2.616581 0.638943 3.514622 2.616585 0.638943 -4.208553 -2.065506 0.638943 -4.208549 2.616585 0.638943 -4.208553 2.616581 0.638943 3.514622 -2.065506 0.638943 3.514626 -2.065506 0.638943 3.514626 
					</float_array>
					<technique_common>
						<accessor count="20" offset="0" source="#meshId6-positions-array" stride="3">
							<param name="X" type="float" />
							<param name="Y" type="float" />
							<param name="Z" type="float" />
						</accessor>
					</technique_common>
				</source>
				<source id="meshId6-normals" name="meshId6-normals">
					<float_array id="meshId6-normals-array" count="60"> 
						-1.000000 0.000000 0.000000 -1.000000 0.000000 0.000000 -1.000000 0.000000 0.000000 0.000000 0.000000 -1.000000 0.000000 0.000000 -1.000000 0.000000 0.000000 -1.000000 1.000000 0.000000 0.000000 1.000000 0.000000 0.000000 1.000000 0.000000 0.000000 0.000000 0.000000 1.000000 0.000000 0.000000 1.000000 0.000000 0.000000 1.000000 0.000000 1.000000 0.000000 0.000000 1.000000 0.000000 0.000000 1.000000 0.000000 -1.000000 0.000000 0.000000 0.000000 0.000000 -1.000000 1.000000 0.000000 0.000000 0.000000 0.000000 1.000000 0.000000 1.000000 0.000000 
					</float_array>
					<technique_common>
						<accessor count="20" offset="0" source="#meshId6-normals-array" stride="3">
							<param name="X" type="float" />
							<param name="Y" type="float" />
							<param name="Z" type="float" />
						</accessor>
					</technique_common>
				</source>
				<source id="meshId6-tangents" name="meshId6-tangents">
					<float_array id="meshId6-tangents-array" count="60"> 
						0.000000 -1.000000 0.000000 0.000000 -1.000000 0.000000 0.000000 -1.000000 0.000000 0.000000 -1.000000 0.000000 0.000000 -1.000000 0.000000 0.000000 -1.000000 0.000000 0.000000 -1.000000 0.000000 0.000000 -1.000000 0.000000 0.000000 -1.000000 0.000000 0.000000 -1.000000 0.000000 0.000000 -1.000000 0.000000 0.000000 -1.000000 0.000000 0.000000 0.000000 -1.000000 0.000000 0.000000 -1.000000 0.000000 0.000000 -1.000000 0.000000 -1.000000 0.000000 0.000000 -1.000000 0.000000 0.000000 -1.000000 0.000000 0.000000 -1.000000 0.000000 -0.000000 0.000000 -1.000000 
					</float_array>
					<technique_common>
						<accessor count="20" offset="0" source="#meshId6-tangents-array" stride="3">
							<param name="X" type="float" />
							<param name="Y" type="float" />
							<param name="Z" type="float" />
						</accessor>
					</technique_common>
				</source>
				<source id="meshId6-bitangents" name="meshId6-bitangents">
					<float_array id="meshId6-bitangents-array" count="60"> 
						0.000000 0.000000 1.000000 0.000000 0.000000 1.000000 0.000000 0.000000 1.000000 -1.000000 -0.000000 0.000000 -1.000000 -0.000000 0.000000 -1.000000 -0.000000 0.000000 0.000000 0.000000 -1.000000 0.000000 0.000000 -1.000000 0.000000 0.000000 -1.000000 1.000000 0.000000 0.000000 1.000000 0.000000 0.000000 1.000000 0.000000 0.000000 -1.000000 0.000000 -0.000000 -1.000000 0.000000 -0.000000 -1.000000 0.000000 -0.000000 0.000000 0.000000 1.000000 -1.000000 -0.000000 0.000000 0.000000 0.000000 -1.000000 1.000000 0.000000 0.000000 -1.000000 0.000000 0.000000 
					</float_array>
					<technique_common>
						<accessor count="20" offset="0" source="#meshId6-bitangents-array" stride="3">
							<param name="X" type="float" />
							<param name="Y" type="float" />
							<param name="Z" type="float" />
						</accessor>
					</technique_common>
				</source>
				<source id="meshId6-tex0" name="meshId6-tex0">
					<float_array id="meshId6-tex0-array" count="40"> 
						0.156440 0.866910 0.159513 0.848334 0.159513 0.866910 0.496650 0.907764 0.499724 0.896503 0.499724 0.907764 0.249315 0.873569 0.252388 0.854994 0.252388 0.873569 0.500789 0.907764 0.503863 0.896503 0.503863 0.907764 0.353366 0.115099 0.282818 0.072330 0.353366 0.072330 0.156440 0.848334 0.496650 0.896503 0.249315 0.854994 0.500789 0.896503 0.282818 0.115099 
					</float_array>
					<technique_common>
						<accessor count="20" offset="0" source="#meshId6-tex0-array" stride="2">
							<param name="S" type="float" />
							<param name="T" type="float" />
						</accessor>
					</technique_common>
				</source>
				<vertices id="meshId6-vertices">
					<input semantic="POSITION" source="#meshId6-positions" />
				</vertices>
				<polylist count="10" material="defaultMaterial">
					<input offset="0" semantic="VERTEX" source="#meshId6-vertices" />
					<input offset="0" semantic="NORMAL" source="#meshId6-normals" />
					<input offset="0" semantic="TANGENT" source="#meshId6-tangents" />
					<input offset="0" semantic="BINORMAL" source="#meshId6-bitangents" />
					<input offset="0" semantic="TEXCOORD" source="#meshId6-tex0" set="0" />
					<vcount>
						3 3 3 3 3 3 3 3 3 3 
					</vcount>
					<p>
						0 1 2 3 4 5 6 7 8 9 10 11 12 13 14 0 15 1 3 16 4 6 17 7 9 18 10 12 19 13 
					</p>
				</polylist>
			</mesh>
		</geometry>
		<geometry id="meshId7" name="meshId7_name" >
			<mesh>
				<source id="meshId7-positions" name="meshId7-positions">
					<float_array id="meshId7-positions-array" count="60"> 
						-2.065506 0.638943 3.514622 -2.065510 -0.638944 -4.208553 -2.065506 -0.638944 3.514622 -2.065510 0.638943 -4.208553 2.616581 -0.638944 -4.208549 -2.065510 -0.638944 -4.208553 2.616581 0.638943 -4.208549 2.616577 -0.638944 3.514622 2.616581 -0.638944 -4.208549 2.616577 0.638943 3.514622 -2.065506 -0.638944 3.514622 2.616577 -0.638944 3.514622 -2.065510 0.638943 -4.208553 2.616577 0.638943 3.514622 2.616581 0.638943 -4.208549 -2.065510 0.638943 -4.208553 2.616581 0.638943 -4.208549 2.616577 0.638943 3.514622 -2.065506 0.638943 3.514622 -2.065506 0.638943 3.514622 
					</float_array>
					<technique_common>
						<accessor count="20" offset="0" source="#meshId7-positions-array" stride="3">
							<param name="X" type="float" />
							<param name="Y" type="float" />
							<param name="Z" type="float" />
						</accessor>
					</technique_common>
				</source>
				<source id="meshId7-normals" name="meshId7-normals">
					<float_array id="meshId7-normals-array" count="60"> 
						-1.000000 0.000000 0.000000 -1.000000 0.000000 0.000000 -1.000000 0.000000 0.000000 0.000000 0.000000 -1.000000 0.000000 0.000000 -1.000000 0.000000 0.000000 -1.000000 1.000000 0.000000 0.000000 1.000000 0.000000 0.000000 1.000000 0.000000 0.000000 0.000000 0.000000 1.000000 0.000000 0.000000 1.000000 0.000000 0.000000 1.000000 0.000000 1.000000 0.000000 0.000000 1.000000 0.000000 0.000000 1.000000 0.000000 -1.000000 0.000000 0.000000 0.000000 0.000000 -1.000000 1.000000 0.000000 0.000000 0.000000 0.000000 1.000000 0.000000 1.000000 0.000000 
					</float_array>
					<technique_common>
						<accessor count="20" offset="0" source="#meshId7-normals-array" stride="3">
							<param name="X" type="float" />
							<param name="Y" type="float" />
							<param name="Z" type="float" />
						</accessor>
					</technique_common>
				</source>
				<source id="meshId7-tangents" name="meshId7-tangents">
					<float_array id="meshId7-tangents-array" count="60"> 
						0.000000 -1.000000 0.000000 0.000000 -1.000000 0.000000 0.000000 -1.000000 0.000000 0.000000 -1.000000 0.000000 0.000000 -1.000000 0.000000 0.000000 -1.000000 0.000000 0.000000 -1.000000 0.000000 0.000000 -1.000000 0.000000 0.000000 -1.000000 0.000000 0.000000 -1.000000 0.000000 0.000000 -1.000000 0.000000 0.000000 -1.000000 0.000000 0.000000 0.000000 -1.000000 -0.000000 0.000000 -1.000000 0.000000 0.000000 -1.000000 0.000000 -1.000000 0.000000 0.000000 -1.000000 0.000000 0.000000 -1.000000 0.000000 0.000000 -1.000000 0.000000 -0.000000 0.000000 -1.000000 
					</float_array>
					<technique_common>
						<accessor count="20" offset="0" source="#meshId7-tangents-array" stride="3">
							<param name="X" type="float" />
							<param name="Y" type="float" />
							<param name="Z" type="float" />
						</accessor>
					</technique_common>
				</source>
				<source id="meshId7-bitangents" name="meshId7-bitangents">
					<float_array id="meshId7-bitangents-array" count="60"> 
						0.000000 0.000000 1.000000 0.000000 0.000000 1.000000 0.000000 0.000000 1.000000 -1.000000 -0.000000 0.000000 -1.000000 -0.000000 0.000000 -1.000000 -0.000000 0.000000 -0.000000 0.000000 -1.000000 -0.000000 0.000000 -1.000000 0.000000 0.000000 -1.000000 1.000000 0.000000 0.000000 1.000000 0.000000 0.000000 1.000000 0.000000 0.000000 -1.000000 0.000000 -0.000000 -1.000000 0.000000 0.000000 -1.000000 0.000000 -0.000000 0.000000 0.000000 1.000000 -1.000000 -0.000000 0.000000 0.000000 0.000000 -1.000000 1.000000 0.000000 0.000000 -1.000000 0.000000 0.000000 
					</float_array>
					<technique_common>
						<accessor count="20" offset="0" source="#meshId7-bitangents-array" stride="3">
							<param name="X" type="float" />
							<param name="Y" type="float" />
							<param name="Z" type="float" />
						</accessor>
					</technique_common>
				</source>
				<source id="meshId7-tex0" name="meshId7-tex0">
					<float_array id="meshId7-tex0-array" count="40"> 
						0.249315 0.853928 0.252388 0.835352 0.252388 0.853928 0.488372 0.907764 0.491446 0.896503 0.491446 0.907764 0.302001 0.863820 0.305074 0.845245 0.305074 0.863820 0.492511 0.907764 0.495585 0.896503 0.495585 0.907764 0.589409 0.981115 0.518861 0.938346 0.589409 0.938346 0.249315 0.835352 0.488372 0.896503 0.302001 0.845245 0.492511 0.896503 0.518861 0.981115 
					</float_array>
					<technique_common>
						<accessor count="20" offset="0" source="#meshId7-tex0-array" stride="2">
							<param name="S" type="float" />
							<param name="T" type="float" />
						</accessor>
					</technique_common>
				</source>
				<vertices id="meshId7-vertices">
					<input semantic="POSITION" source="#meshId7-positions" />
				</vertices>
				<polylist count="10" material="defaultMaterial">
					<input offset="0" semantic="VERTEX" source="#meshId7-vertices" />
					<input offset="0" semantic="NORMAL" source="#meshId7-normals" />
					<input offset="0" semantic="TANGENT" source="#meshId7-tangents" />
					<input offset="0" semantic="BINORMAL" source="#meshId7-bitangents" />
					<input offset="0" semantic="TEXCOORD" source="#meshId7-tex0" set="0" />
					<vcount>
						3 3 3 3 3 3 3 3 3 3 
					</vcount>
					<p>
						0 1 2 3 4 5 6 7 8 9 10 11 12 13 14 0 15 1 3 16 4 6 17 7 9 18 10 12 19 13 
					</p>
				</polylist>
			</mesh>
		</geometry>
		<geometry id="meshId8" name="meshId8_name" >
			<mesh>
				<source id="meshId8-positions" name="meshId8-positions">
					<float_array id="meshId8-positions-array" count="60"> 
						-2.065506 0.638943 3.514626 -2.065510 -0.638944 -4.208551 -2.065506 -0.638944 3.514626 -2.065510 0.638943 -4.208551 2.616581 -0.638944 -4.208551 -2.065510 -0.638944 -4.208551 2.616581 0.638943 -4.208551 2.616577 -0.638944 3.514622 2.616581 -0.638944 -4.208551 2.616577 0.638943 3.514622 -2.065506 -0.638944 3.514626 2.616577 -0.638944 3.514622 -2.065510 0.638943 -4.208551 2.616577 0.638943 3.514622 2.616581 0.638943 -4.208551 -2.065510 0.638943 -4.208551 2.616581 0.638943 -4.208551 2.616577 0.638943 3.514622 -2.065506 0.638943 3.514626 -2.065506 0.638943 3.514626 
					</float_array>
					<technique_common>
						<accessor count="20" offset="0" source="#meshId8-positions-array" stride="3">
							<param name="X" type="float" />
							<param name="Y" type="float" />
							<param name="Z" type="float" />
						</accessor>
					</technique_common>
				</source>
				<source id="meshId8-normals" name="meshId8-normals">
					<float_array id="meshId8-normals-array" count="60"> 
						-1.000000 0.000000 0.000000 -1.000000 0.000000 0.000000 -1.000000 0.000000 0.000000 0.000000 0.000000 -1.000000 0.000000 0.000000 -1.000000 0.000000 0.000000 -1.000000 1.000000 0.000000 0.000000 1.000000 0.000000 0.000000 1.000000 0.000000 0.000000 0.000000 0.000000 1.000000 0.000000 0.000000 1.000000 0.000000 0.000000 1.000000 0.000000 1.000000 0.000000 0.000000 1.000000 0.000000 0.000000 1.000000 0.000000 -1.000000 0.000000 0.000000 0.000000 0.000000 -1.000000 1.000000 0.000000 0.000000 0.000000 0.000000 1.000000 0.000000 1.000000 0.000000 
					</float_array>
					<technique_common>
						<accessor count="20" offset="0" source="#meshId8-normals-array" stride="3">
							<param name="X" type="float" />
							<param name="Y" type="float" />
							<param name="Z" type="float" />
						</accessor>
					</technique_common>
				</source>
				<source id="meshId8-tangents" name="meshId8-tangents">
					<float_array id="meshId8-tangents-array" count="60"> 
						0.000000 -1.000000 0.000000 0.000000 -1.000000 0.000000 0.000000 -1.000000 0.000000 0.000000 -1.000000 0.000000 0.000000 -1.000000 0.000000 0.000000 -1.000000 0.000000 0.000000 -1.000000 0.000000 0.000000 -1.000000 0.000000 0.000000 -1.000000 0.000000 0.000000 -1.000000 0.000000 0.000000 -1.000000 0.000000 0.000000 -1.000000 0.000000 0.000000 0.000000 -1.000000 0.000000 0.000000 -1.000000 0.000000 0.000000 -1.000000 0.000000 -1.000000 0.000000 0.000000 -1.000000 0.000000 0.000000 -1.000000 0.000000 0.000000 -1.000000 0.000000 -0.000000 0.000000 -1.000000 
					</float_array>
					<technique_common>
						<accessor count="20" offset="0" source="#meshId8-tangents-array" stride="3">
							<param name="X" type="float" />
							<param name="Y" type="float" />
							<param name="Z" type="float" />
						</accessor>
					</technique_common>
				</source>
				<source id="meshId8-bitangents" name="meshId8-bitangents">
					<float_array id="meshId8-bitangents-array" count="60"> 
						0.000000 0.000000 1.000000 0.000000 0.000000 1.000000 0.000000 0.000000 1.000000 -1.000000 -0.000000 0.000000 -1.000000 -0.000000 0.000000 -1.000000 -0.000000 0.000000 0.000000 0.000000 -1.000000 0.000000 0.000000 -1.000000 0.000000 0.000000 -1.000000 1.000000 0.000000 0.000000 1.000000 0.000000 0.000000 1.000000 0.000000 0.000000 -1.000000 0.000000 -0.000000 -1.000000 0.000000 -0.000000 -1.000000 0.000000 -0.000000 0.000000 0.000000 1.000000 -1.000000 -0.000000 0.000000 0.000000 0.000000 -1.000000 1.000000 0.000000 0.000000 -1.000000 0.000000 0.000000 
					</float_array>
					<technique_common>
						<accessor count="20" offset="0" source="#meshId8-bitangents-array" stride="3">
							<param name="X" type="float" />
							<param name="Y" type="float" />
							<param name="Z" type="float" />
						</accessor>
					</technique_common>
				</source>
				<source id="meshId8-tex0" name="meshId8-tex0">
					<float_array id="meshId8-tex0-array" count="40"> 
						0.302001 0.844179 0.305074 0.825603 0.305074 0.844179 0.480095 0.907764 0.483168 0.896503 0.483168 0.907764 0.156440 0.847268 0.159513 0.828693 0.159513 0.847268 0.484234 0.907764 0.487307 0.896503 0.487307 0.907764 0.533064 0.319460 0.462516 0.276691 0.533064 0.276691 0.302001 0.825603 0.480095 0.896503 0.156440 0.828693 0.484234 0.896503 0.462516 0.319460 
					</float_array>
					<technique_common>
						<accessor count="20" offset="0" source="#meshId8-tex0-array" stride="2">
							<param name="S" type="float" />
							<param name="T" type="float" />
						</accessor>
					</technique_common>
				</source>
				<vertices id="meshId8-vertices">
					<input semantic="POSITION" source="#meshId8-positions" />
				</vertices>
				<polylist count="10" material="defaultMaterial">
					<input offset="0" semantic="VERTEX" source="#meshId8-vertices" />
					<input offset="0" semantic="NORMAL" source="#meshId8-normals" />
					<input offset="0" semantic="TANGENT" source="#meshId8-tangents" />
					<input offset="0" semantic="BINORMAL" source="#meshId8-bitangents" />
					<input offset="0" semantic="TEXCOORD" source="#meshId8-tex0" set="0" />
					<vcount>
						3 3 3 3 3 3 3 3 3 3 
					</vcount>
					<p>
						0 1 2 3 4 5 6 7 8 9 10 11 12 13 14 0 15 1 3 16 4 6 17 7 9 18 10 12 19 13 
					</p>
				</polylist>
			</mesh>
		</geometry>
		<geometry id="meshId9" name="meshId9_name" >
			<mesh>
				<source id="meshId9-positions" name="meshId9-positions">
					<float_array id="meshId9-positions-array" count="60"> 
						4.208492 0.638943 3.514622 4.208492 -0.638944 -4.208553 4.208492 -0.638944 3.514622 8.890575 0.638943 3.514626 4.208492 -0.638944 3.514622 8.890575 -0.638944 3.514626 8.890575 0.638943 -4.208549 8.890575 -0.638944 3.514626 8.890575 -0.638944 -4.208549 4.208492 0.638943 -4.208553 8.890575 0.638943 3.514626 8.890575 0.638943 -4.208549 4.208492 0.638943 -4.208553 8.890575 -0.638944 -4.208549 4.208492 -0.638944 -4.208553 4.208492 0.638943 -4.208553 4.208492 0.638943 3.514622 8.890575 0.638943 3.514626 4.208492 0.638943 3.514622 8.890575 0.638943 -4.208549 
					</float_array>
					<technique_common>
						<accessor count="20" offset="0" source="#meshId9-positions-array" stride="3">
							<param name="X" type="float" />
							<param name="Y" type="float" />
							<param name="Z" type="float" />
						</accessor>
					</technique_common>
				</source>
				<source id="meshId9-normals" name="meshId9-normals">
					<float_array id="meshId9-normals-array" count="60"> 
						-1.000000 0.000000 0.000000 -1.000000 0.000000 0.000000 -1.000000 0.000000 0.000000 0.000000 0.000000 1.000000 0.000000 0.000000 1.000000 0.000000 0.000000 1.000000 1.000000 0.000000 0.000000 1.000000 0.000000 0.000000 1.000000 0.000000 0.000000 0.000000 1.000000 0.000000 0.000000 1.000000 0.000000 0.000000 1.000000 0.000000 0.000000 0.000000 -1.000000 0.000000 0.000000 -1.000000 0.000000 0.000000 -1.000000 -1.000000 0.000000 0.000000 0.000000 0.000000 1.000000 1.000000 0.000000 0.000000 0.000000 1.000000 0.000000 0.000000 0.000000 -1.000000 
					</float_array>
					<technique_common>
						<accessor count="20" offset="0" source="#meshId9-normals-array" stride="3">
							<param name="X" type="float" />
							<param name="Y" type="float" />
							<param name="Z" type="float" />
						</accessor>
					</technique_common>
				</source>
				<source id="meshId9-tangents" name="meshId9-tangents">
					<float_array id="meshId9-tangents-array" count="60"> 
						0.000000 -1.000000 0.000000 0.000000 -1.000000 0.000000 0.000000 -1.000000 0.000000 0.000000 -1.000000 0.000000 0.000000 -1.000000 0.000000 0.000000 -1.000000 0.000000 0.000000 -1.000000 0.000000 0.000000 -1.000000 0.000000 0.000000 -1.000000 0.000000 -0.000000 0.000000 -1.000000 -0.000000 0.000000 -1.000000 -0.000000 0.000000 -1.000000 0.000000 -1.000000 0.000000 0.000000 -1.000000 0.000000 0.000000 -1.000000 0.000000 0.000000 -1.000000 0.000000 0.000000 -1.000000 0.000000 0.000000 -1.000000 0.000000 -0.000000 0.000000 -1.000000 0.000000 -1.000000 0.000000 
					</float_array>
					<technique_common>
						<accessor count="20" offset="0" source="#meshId9-tangents-array" stride="3">
							<param name="X" type="float" />
							<param name="Y" type="float" />
							<param name="Z" type="float" />
						</accessor>
					</technique_common>
				</source>
				<source id="meshId9-bitangents" name="meshId9-bitangents">
					<float_array id="meshId9-bitangents-array" count="60"> 
						0.000000 0.000000 1.000000 0.000000 0.000000 1.000000 0.000000 0.000000 1.000000 1.000000 0.000000 0.000000 1.000000 0.000000 0.000000 1.000000 0.000000 0.000000 0.000000 0.000000 -1.000000 0.000000 0.000000 -1.000000 0.000000 0.000000 -1.000000 -1.000000 0.000000 0.000000 -1.000000 0.000000 0.000000 -1.000000 0.000000 0.000000 -1.000000 -0.000000 0.000000 -1.000000 -0.000000 0.000000 -1.000000 -0.000000 0.000000 0.000000 0.000000 1.000000 1.000000 0.000000 0.000000 0.000000 0.000000 -1.000000 -1.000000 0.000000 0.000000 -1.000000 -0.000000 0.000000 
					</float_array>
					<technique_common>
						<accessor count="20" offset="0" source="#meshId9-bitangents-array" stride="3">
							<param name="X" type="float" />
							<param name="Y" type="float" />
							<param name="Z" type="float" />
						</accessor>
					</technique_common>
				</source>
				<source id="meshId9-tex0" name="meshId9-tex0">
					<float_array id="meshId9-tex0-array" count="40"> 
						0.302001 0.883462 0.305074 0.864886 0.305074 0.883462 0.124889 0.919466 0.127962 0.908205 0.127962 0.919466 0.156440 0.886551 0.159513 0.867975 0.159513 0.886551 0.534678 0.222079 0.464130 0.179310 0.534678 0.179310 0.129028 0.919466 0.132101 0.908205 0.132101 0.919466 0.302001 0.864886 0.124889 0.908205 0.156440 0.867975 0.464130 0.222079 0.129028 0.908205 
					</float_array>
					<technique_common>
						<accessor count="20" offset="0" source="#meshId9-tex0-array" stride="2">
							<param name="S" type="float" />
							<param name="T" type="float" />
						</accessor>
					</technique_common>
				</source>
				<vertices id="meshId9-vertices">
					<input semantic="POSITION" source="#meshId9-positions" />
				</vertices>
				<polylist count="10" material="defaultMaterial">
					<input offset="0" semantic="VERTEX" source="#meshId9-vertices" />
					<input offset="0" semantic="NORMAL" source="#meshId9-normals" />
					<input offset="0" semantic="TANGENT" source="#meshId9-tangents" />
					<input offset="0" semantic="BINORMAL" source="#meshId9-bitangents" />
					<input offset="0" semantic="TEXCOORD" source="#meshId9-tex0" set="0" />
					<vcount>
						3 3 3 3 3 3 3 3 3 3 
					</vcount>
					<p>
						0 1 2 3 4 5 6 7 8 9 10 11 12 13 14 0 15 1 3 16 4 6 17 7 9 18 10 12 19 13 
					</p>
				</polylist>
			</mesh>
		</geometry>
		<geometry id="meshId10" name="meshId10_name" >
			<mesh>
				<source id="meshId10-positions" name="meshId10-positions">
					<float_array id="meshId10-positions-array" count="60"> 
						10.482487 0.638943 3.514622 10.482483 -0.638944 -4.208553 10.482487 -0.638944 3.514622 15.164574 0.638943 3.514626 10.482487 -0.638944 3.514622 15.164574 -0.638944 3.514626 15.164574 0.638943 -4.208553 15.164574 -0.638944 3.514626 15.164574 -0.638944 -4.208553 10.482483 0.638943 -4.208553 15.164574 0.638943 3.514626 15.164574 0.638943 -4.208553 10.482483 0.638943 -4.208553 15.164574 -0.638944 -4.208553 10.482483 -0.638944 -4.208553 10.482483 0.638943 -4.208553 10.482487 0.638943 3.514622 15.164574 0.638943 3.514626 10.482487 0.638943 3.514622 15.164574 0.638943 -4.208553 
					</float_array>
					<technique_common>
						<accessor count="20" offset="0" source="#meshId10-positions-array" stride="3">
							<param name="X" type="float" />
							<param name="Y" type="float" />
							<param name="Z" type="float" />
						</accessor>
					</technique_common>
				</source>
				<source id="meshId10-normals" name="meshId10-normals">
					<float_array id="meshId10-normals-array" count="60"> 
						-1.000000 0.000000 0.000000 -1.000000 0.000000 0.000000 -1.000000 0.000000 0.000000 0.000000 0.000000 1.000000 0.000000 0.000000 1.000000 0.000000 0.000000 1.000000 1.000000 0.000000 0.000000 1.000000 0.000000 0.000000 1.000000 0.000000 0.000000 0.000000 1.000000 0.000000 0.000000 1.000000 0.000000 0.000000 1.000000 0.000000 0.000000 0.000000 -1.000000 0.000000 0.000000 -1.000000 0.000000 0.000000 -1.000000 -1.000000 0.000000 0.000000 0.000000 0.000000 1.000000 1.000000 0.000000 0.000000 0.000000 1.000000 0.000000 0.000000 0.000000 -1.000000 
					</float_array>
					<technique_common>
						<accessor count="20" offset="0" source="#meshId10-normals-array" stride="3">
							<param name="X" type="float" />
							<param name="Y" type="float" />
							<param name="Z" type="float" />
						</accessor>
					</technique_common>
				</source>
				<source id="meshId10-tangents" name="meshId10-tangents">
					<float_array id="meshId10-tangents-array" count="60"> 
						0.000000 -1.000000 0.000000 0.000000 -1.000000 0.000000 0.000000 -1.000000 0.000000 0.000000 -1.000000 0.000000 0.000000 -1.000000 0.000000 0.000000 -1.000000 0.000000 0.000000 -1.000000 0.000000 0.000000 -1.000000 0.000000 0.000000 -1.000000 0.000000 -0.000000 0.000000 -1.000000 -0.000000 0.000000 -1.000000 -0.000000 0.000000 -1.000000 0.000000 -1.000000 0.000000 0.000000 -1.000000 0.000000 0.000000 -1.000000 0.000000 0.000000 -1.000000 0.000000 0.000000 -1.000000 0.000000 0.000000 -1.000000 0.000000 -0.000000 0.000000 -1.000000 0.000000 -1.000000 0.000000 
					</float_array>
					<technique_common>
						<accessor count="20" offset="0" source="#meshId10-tangents-array" stride="3">
							<param name="X" type="float" />
							<param name="Y" type="float" />
							<param name="Z" type="float" />
						</accessor>
					</technique_common>
				</source>
				<source id="meshId10-bitangents" name="meshId10-bitangents">
					<float_array id="meshId10-bitangents-array" count="60"> 
						0.000000 0.000000 1.000000 0.000000 0.000000 1.000000 0.000000 0.000000 1.000000 1.000000 0.000000 -0.000000 1.000000 0.000000 -0.000000 1.000000 0.000000 0.000000 0.000000 0.000000 -1.000000 0.000000 0.000000 -1.000000 0.000000 0.000000 -1.000000 -1.000000 0.000000 0.000000 -1.000000 0.000000 0.000000 -1.000000 0.000000 0.000000 -1.000000 -0.000000 0.000000 -1.000000 -0.000000 0.000000 -1.000000 -0.000000 0.000000 0.000000 0.000000 1.000000 1.000000 0.000000 0.000000 0.000000 0.000000 -1.000000 -1.000000 0.000000 0.000000 -1.000000 -0.000000 0.000000 
					</float_array>
					<technique_common>
						<accessor count="20" offset="0" source="#meshId10-bitangents-array" stride="3">
							<param name="X" type="float" />
							<param name="Y" type="float" />
							<param name="Z" type="float" />
						</accessor>
					</technique_common>
				</source>
				<source id="meshId10-tex0" name="meshId10-tex0">
					<float_array id="meshId10-tex0-array" count="40"> 
						0.249315 0.893211 0.252388 0.874635 0.252388 0.893211 0.504928 0.907764 0.508002 0.896503 0.508002 0.907764 0.302001 0.903103 0.305074 0.884527 0.305074 0.903103 0.837691 0.981115 0.767144 0.938346 0.837691 0.938346 0.509067 0.907764 0.512141 0.896503 0.512141 0.907764 0.249315 0.874635 0.504928 0.896503 0.302001 0.884527 0.767144 0.981115 0.509067 0.896503 
					</float_array>
					<technique_common>
						<accessor count="20" offset="0" source="#meshId10-tex0-array" stride="2">
							<param name="S" type="float" />
							<param name="T" type="float" />
						</accessor>
					</technique_common>
				</source>
				<vertices id="meshId10-vertices">
					<input semantic="POSITION" source="#meshId10-positions" />
				</vertices>
				<polylist count="10" material="defaultMaterial">
					<input offset="0" semantic="VERTEX" source="#meshId10-vertices" />
					<input offset="0" semantic="NORMAL" source="#meshId10-normals" />
					<input offset="0" semantic="TANGENT" source="#meshId10-tangents" />
					<input offset="0" semantic="BINORMAL" source="#meshId10-bitangents" />
					<input offset="0" semantic="TEXCOORD" source="#meshId10-tex0" set="0" />
					<vcount>
						3 3 3 3 3 3 3 3 3 3 
					</vcount>
					<p>
						0 1 2 3 4 5 6 7 8 9 10 11 12 13 14 0 15 1 3 16 4 6 17 7 9 18 10 12 19 13 
					</p>
				</polylist>
			</mesh>
		</geometry>
		<geometry id="meshId11" name="meshId11_name" >
			<mesh>
				<source id="meshId11-positions" name="meshId11-positions">
					<float_array id="meshId11-positions-array" count="60"> 
						16.756481 0.638943 3.514626 16.756485 -0.638944 -4.208553 16.756481 -0.638944 3.514626 21.438564 0.638943 3.514622 16.756481 -0.638944 3.514626 21.438564 -0.638944 3.514622 21.438568 0.638943 -4.208553 21.438564 -0.638944 3.514622 21.438568 -0.638944 -4.208553 16.756485 0.638943 -4.208553 21.438564 0.638943 3.514622 21.438568 0.638943 -4.208553 16.756485 0.638943 -4.208553 21.438568 -0.638944 -4.208553 16.756485 -0.638944 -4.208553 16.756485 0.638943 -4.208553 16.756481 0.638943 3.514626 21.438564 0.638943 3.514622 16.756481 0.638943 3.514626 21.438568 0.638943 -4.208553 
					</float_array>
					<technique_common>
						<accessor count="20" offset="0" source="#meshId11-positions-array" stride="3">
							<param name="X" type="float" />
							<param name="Y" type="float" />
							<param name="Z" type="float" />
						</accessor>
					</technique_common>
				</source>
				<source id="meshId11-normals" name="meshId11-normals">
					<float_array id="meshId11-normals-array" count="60"> 
						-1.000000 0.000000 0.000000 -1.000000 0.000000 0.000000 -1.000000 0.000000 0.000000 0.000000 0.000000 1.000000 0.000000 0.000000 1.000000 0.000000 0.000000 1.000000 1.000000 0.000000 0.000000 1.000000 0.000000 0.000000 1.000000 0.000000 0.000000 0.000000 1.000000 0.000000 0.000000 1.000000 0.000000 0.000000 1.000000 0.000000 0.000000 0.000000 -1.000000 0.000000 0.000000 -1.000000 0.000000 0.000000 -1.000000 -1.000000 0.000000 0.000000 0.000000 0.000000 1.000000 1.000000 0.000000 0.000000 0.000000 1.000000 0.000000 0.000000 0.000000 -1.000000 
					</float_array>
					<technique_common>
						<accessor count="20" offset="0" source="#meshId11-normals-array" stride="3">
							<param name="X" type="float" />
							<param name="Y" type="float" />
							<param name="Z" type="float" />
						</accessor>
					</technique_common>
				</source>
				<source id="meshId11-tangents" name="meshId11-tangents">
					<float_array id="meshId11-tangents-array" count="60"> 
						0.000000 -1.000000 0.000000 0.000000 -1.000000 0.000000 0.000000 -1.000000 0.000000 0.000000 -1.000000 0.000000 0.000000 -1.000000 0.000000 0.000000 -1.000000 0.000000 0.000000 -1.000000 0.000000 0.000000 -1.000000 0.000000 0.000000 -1.000000 0.000000 0.000000 0.000000 -1.000000 0.000000 0.000000 -1.000000 0.000000 0.000000 -1.000000 0.000000 -1.000000 0.000000 0.000000 -1.000000 0.000000 0.000000 -1.000000 0.000000 0.000000 -1.000000 0.000000 0.000000 -1.000000 0.000000 0.000000 -1.000000 0.000000 0.000000 0.000000 -1.000000 0.000000 -1.000000 0.000000 
					</float_array>
					<technique_common>
						<accessor count="20" offset="0" source="#meshId11-tangents-array" stride="3">
							<param name="X" type="float" />
							<param name="Y" type="float" />
							<param name="Z" type="float" />
						</accessor>
					</technique_common>
				</source>
				<source id="meshId11-bitangents" name="meshId11-bitangents">
					<float_array id="meshId11-bitangents-array" count="60"> 
						0.000000 0.000000 1.000000 0.000000 0.000000 1.000000 0.000000 0.000000 1.000000 1.000000 0.000000 0.000000 1.000000 0.000000 0.000000 1.000000 0.000000 0.000000 0.000000 0.000000 -1.000000 0.000000 0.000000 -1.000000 0.000000 0.000000 -1.000000 -1.000000 0.000000 -0.000000 -1.000000 0.000000 -0.000000 -1.000000 0.000000 -0.000000 -1.000000 -0.000000 0.000000 -1.000000 -0.000000 0.000000 -1.000000 -0.000000 0.000000 0.000000 0.000000 1.000000 1.000000 0.000000 0.000000 0.000000 0.000000 -1.000000 -1.000000 0.000000 -0.000000 -1.000000 -0.000000 0.000000 
					</float_array>
					<technique_common>
						<accessor count="20" offset="0" source="#meshId11-bitangents-array" stride="3">
							<param name="X" type="float" />
							<param name="Y" type="float" />
							<param name="Z" type="float" />
						</accessor>
					</technique_common>
				</source>
				<source id="meshId11-tex0" name="meshId11-tex0">
					<float_array id="meshId11-tex0-array" count="40"> 
						0.156440 0.906192 0.159513 0.887616 0.159513 0.906192 0.321693 0.277276 0.329165 0.249900 0.329165 0.277276 0.199052 0.501831 0.206524 0.456674 0.206524 0.501831 0.916838 0.980298 0.846290 0.937529 0.916838 0.937529 0.156440 0.918519 0.159513 0.907258 0.159513 0.918519 0.156440 0.887616 0.321693 0.249900 0.199052 0.456674 0.846290 0.980298 0.156440 0.907258 
					</float_array>
					<technique_common>
						<accessor count="20" offset="0" source="#meshId11-tex0-array" stride="2">
							<param name="S" type="float" />
							<param name="T" type="float" />
						</accessor>
					</technique_common>
				</source>
				<vertices id="meshId11-vertices">
					<input semantic="POSITION" source="#meshId11-positions" />
				</vertices>
				<polylist count="10" material="defaultMaterial">
					<input offset="0" semantic="VERTEX" source="#meshId11-vertices" />
					<input offset="0" semantic="NORMAL" source="#meshId11-normals" />
					<input offset="0" semantic="TANGENT" source="#meshId11-tangents" />
					<input offset="0" semantic="BINORMAL" source="#meshId11-bitangents" />
					<input offset="0" semantic="TEXCOORD" source="#meshId11-tex0" set="0" />
					<vcount>
						3 3 3 3 3 3 3 3 3 3 
					</vcount>
					<p>
						0 1 2 3 4 5 6 7 8 9 10 11 12 13 14 0 15 1 3 16 4 6 17 7 9 18 10 12 19 13 
					</p>
				</polylist>
			</mesh>
		</geometry>
		<geometry id="meshId12" name="meshId12_name" >
			<mesh>
				<source id="meshId12-positions" name="meshId12-positions">
					<float_array id="meshId12-positions-array" count="60"> 
						4.208485 0.638943 3.514622 4.208485 -0.638944 -4.208551 4.208485 -0.638944 3.514622 8.890572 0.638943 3.514626 4.208485 -0.638944 3.514622 8.890572 -0.638944 3.514626 8.890572 0.638943 -4.208551 8.890572 -0.638944 3.514626 8.890572 -0.638944 -4.208551 4.208485 0.638943 -4.208551 8.890572 0.638943 3.514626 8.890572 0.638943 -4.208551 4.208485 0.638943 -4.208551 8.890572 -0.638944 -4.208551 4.208485 -0.638944 -4.208551 4.208485 0.638943 -4.208551 4.208485 0.638943 3.514622 8.890572 0.638943 3.514626 4.208485 0.638943 3.514622 8.890572 0.638943 -4.208551 
					</float_array>
					<technique_common>
						<accessor count="20" offset="0" source="#meshId12-positions-array" stride="3">
							<param name="X" type="float" />
							<param name="Y" type="float" />
							<param name="Z" type="float" />
						</accessor>
					</technique_common>
				</source>
				<source id="meshId12-normals" name="meshId12-normals">
					<float_array id="meshId12-normals-array" count="60"> 
						-1.000000 0.000000 0.000000 -1.000000 0.000000 0.000000 -1.000000 0.000000 0.000000 0.000000 0.000000 1.000000 0.000000 0.000000 1.000000 0.000000 0.000000 1.000000 1.000000 0.000000 0.000000 1.000000 0.000000 0.000000 1.000000 0.000000 0.000000 0.000000 1.000000 0.000000 0.000000 1.000000 0.000000 0.000000 1.000000 0.000000 0.000000 0.000000 -1.000000 0.000000 0.000000 -1.000000 0.000000 0.000000 -1.000000 -1.000000 0.000000 0.000000 0.000000 0.000000 1.000000 1.000000 0.000000 0.000000 0.000000 1.000000 0.000000 0.000000 0.000000 -1.000000 
					</float_array>
					<technique_common>
						<accessor count="20" offset="0" source="#meshId12-normals-array" stride="3">
							<param name="X" type="float" />
							<param name="Y" type="float" />
							<param name="Z" type="float" />
						</accessor>
					</technique_common>
				</source>
				<source id="meshId12-tangents" name="meshId12-tangents">
					<float_array id="meshId12-tangents-array" count="60"> 
						0.000000 -1.000000 0.000000 0.000000 -1.000000 0.000000 0.000000 -1.000000 0.000000 0.000000 -1.000000 0.000000 0.000000 -1.000000 0.000000 0.000000 -1.000000 0.000000 0.000000 -1.000000 0.000000 0.000000 -1.000000 0.000000 0.000000 -1.000000 0.000000 -0.000000 0.000000 -1.000000 -0.000000 0.000000 -1.000000 -0.000000 0.000000 -1.000000 0.000000 -1.000000 0.000000 0.000000 -1.000000 0.000000 0.000000 -1.000000 0.000000 0.000000 -1.000000 0.000000 0.000000 -1.000000 0.000000 0.000000 -1.000000 0.000000 -0.000000 0.000000 -1.000000 0.000000 -1.000000 0.000000 
					</float_array>
					<technique_common>
						<accessor count="20" offset="0" source="#meshId12-tangents-array" stride="3">
							<param name="X" type="float" />
							<param name="Y" type="float" />
							<param name="Z" type="float" />
						</accessor>
					</technique_common>
				</source>
				<source id="meshId12-bitangents" name="meshId12-bitangents">
					<float_array id="meshId12-bitangents-array" count="60"> 
						0.000000 0.000000 1.000000 0.000000 0.000000 1.000000 0.000000 0.000000 1.000000 1.000000 0.000000 -0.000000 1.000000 0.000000 -0.000000 1.000000 0.000000 0.000000 0.000000 0.000000 -1.000000 0.000000 0.000000 -1.000000 0.000000 0.000000 -1.000000 -1.000000 0.000000 0.000000 -1.000000 0.000000 0.000000 -1.000000 0.000000 0.000000 -1.000000 -0.000000 0.000000 -1.000000 -0.000000 0.000000 -1.000000 -0.000000 0.000000 0.000000 0.000000 1.000000 1.000000 0.000000 0.000000 0.000000 0.000000 -1.000000 -1.000000 0.000000 0.000000 -1.000000 -0.000000 0.000000 
					</float_array>
					<technique_common>
						<accessor count="20" offset="0" source="#meshId12-bitangents-array" stride="3">
							<param name="X" type="float" />
							<param name="Y" type="float" />
							<param name="Z" type="float" />
						</accessor>
					</technique_common>
				</source>
				<source id="meshId12-tex0" name="meshId12-tex0">
					<float_array id="meshId12-tex0-array" count="40"> 
						0.199052 0.448857 0.206524 0.403700 0.206524 0.448857 0.529762 0.907764 0.532836 0.896503 0.532836 0.907764 0.249315 0.912852 0.252388 0.894276 0.252388 0.912852 0.353264 0.158465 0.282716 0.115696 0.353264 0.115696 0.534005 0.907764 0.537079 0.896503 0.537079 0.907764 0.199052 0.403700 0.529762 0.896503 0.249315 0.894276 0.282716 0.158465 0.534005 0.896503 
					</float_array>
					<technique_common>
						<accessor count="20" offset="0" source="#meshId12-tex0-array" stride="2">
							<param name="S" type="float" />
							<param name="T" type="float" />
						</accessor>
					</technique_common>
				</source>
				<vertices id="meshId12-vertices">
					<input semantic="POSITION" source="#meshId12-positions" />
				</vertices>
				<polylist count="10" material="defaultMaterial">
					<input offset="0" semantic="VERTEX" source="#meshId12-vertices" />
					<input offset="0" semantic="NORMAL" source="#meshId12-normals" />
					<input offset="0" semantic="TANGENT" source="#meshId12-tangents" />
					<input offset="0" semantic="BINORMAL" source="#meshId12-bitangents" />
					<input offset="0" semantic="TEXCOORD" source="#meshId12-tex0" set="0" />
					<vcount>
						3 3 3 3 3 3 3 3 3 3 
					</vcount>
					<p>
						0 1 2 3 4 5 6 7 8 9 10 11 12 13 14 0 15 1 3 16 4 6 17 7 9 18 10 12 19 13 
					</p>
				</polylist>
			</mesh>
		</geometry>
		<geometry id="meshId13" name="meshId13_name" >
			<mesh>
				<source id="meshId13-positions" name="meshId13-positions">
					<float_array id="meshId13-positions-array" count="60"> 
						10.482483 0.638943 3.514622 10.482483 -0.638944 -4.208551 10.482483 -0.638944 3.514622 15.164570 0.638943 3.514626 10.482483 -0.638944 3.514622 15.164570 -0.638944 3.514626 15.164570 0.638943 -4.208551 15.164570 -0.638944 3.514626 15.164570 -0.638944 -4.208551 10.482483 0.638943 -4.208551 15.164570 0.638943 3.514626 15.164570 0.638943 -4.208551 10.482483 0.638943 -4.208551 15.164570 -0.638944 -4.208551 10.482483 -0.638944 -4.208551 10.482483 0.638943 -4.208551 10.482483 0.638943 3.514622 15.164570 0.638943 3.514626 10.482483 0.638943 3.514622 15.164570 0.638943 -4.208551 
					</float_array>
					<technique_common>
						<accessor count="20" offset="0" source="#meshId13-positions-array" stride="3">
							<param name="X" type="float" />
							<param name="Y" type="float" />
							<param name="Z" type="float" />
						</accessor>
					</technique_common>
				</source>
				<source id="meshId13-normals" name="meshId13-normals">
					<float_array id="meshId13-normals-array" count="60"> 
						-1.000000 0.000000 0.000000 -1.000000 0.000000 0.000000 -1.000000 0.000000 0.000000 0.000000 0.000000 1.000000 0.000000 0.000000 1.000000 0.000000 0.000000 1.000000 1.000000 0.000000 0.000000 1.000000 0.000000 0.000000 1.000000 0.000000 0.000000 0.000000 1.000000 0.000000 0.000000 1.000000 0.000000 0.000000 1.000000 0.000000 0.000000 0.000000 -1.000000 0.000000 0.000000 -1.000000 0.000000 0.000000 -1.000000 -1.000000 0.000000 0.000000 0.000000 0.000000 1.000000 1.000000 0.000000 0.000000 0.000000 1.000000 0.000000 0.000000 0.000000 -1.000000 
					</float_array>
					<technique_common>
						<accessor count="20" offset="0" source="#meshId13-normals-array" stride="3">
							<param name="X" type="float" />
							<param name="Y" type="float" />
							<param name="Z" type="float" />
						</accessor>
					</technique_common>
				</source>
				<source id="meshId13-tangents" name="meshId13-tangents">
					<float_array id="meshId13-tangents-array" count="60"> 
						0.000000 -1.000000 0.000000 0.000000 -1.000000 0.000000 0.000000 -1.000000 0.000000 0.000000 -1.000000 0.000000 0.000000 -1.000000 0.000000 0.000000 -1.000000 0.000000 0.000000 -1.000000 0.000000 0.000000 -1.000000 0.000000 0.000000 -1.000000 0.000000 -0.000000 0.000000 -1.000000 -0.000000 0.000000 -1.000000 -0.000000 0.000000 -1.000000 0.000000 -1.000000 0.000000 0.000000 -1.000000 0.000000 0.000000 -1.000000 0.000000 0.000000 -1.000000 0.000000 0.000000 -1.000000 0.000000 0.000000 -1.000000 0.000000 -0.000000 0.000000 -1.000000 0.000000 -1.000000 0.000000 
					</float_array>
					<technique_common>
						<accessor count="20" offset="0" source="#meshId13-tangents-array" stride="3">
							<param name="X" type="float" />
							<param name="Y" type="float" />
							<param name="Z" type="float" />
						</accessor>
					</technique_common>
				</source>
				<source id="meshId13-bitangents" name="meshId13-bitangents">
					<float_array id="meshId13-bitangents-array" count="60"> 
						0.000000 0.000000 1.000000 0.000000 0.000000 1.000000 0.000000 0.000000 1.000000 1.000000 0.000000 -0.000000 1.000000 0.000000 -0.000000 1.000000 0.000000 0.000000 0.000000 0.000000 -1.000000 0.000000 0.000000 -1.000000 0.000000 0.000000 -1.000000 -1.000000 0.000000 0.000000 -1.000000 0.000000 0.000000 -1.000000 0.000000 0.000000 -1.000000 -0.000000 0.000000 -1.000000 -0.000000 0.000000 -1.000000 -0.000000 0.000000 0.000000 0.000000 1.000000 1.000000 0.000000 0.000000 0.000000 0.000000 -1.000000 -1.000000 0.000000 0.000000 -1.000000 -0.000000 0.000000 
					</float_array>
					<technique_common>
						<accessor count="20" offset="0" source="#meshId13-bitangents-array" stride="3">
							<param name="X" type="float" />
							<param name="Y" type="float" />
							<param name="Z" type="float" />
						</accessor>
					</technique_common>
				</source>
				<source id="meshId13-tex0" name="meshId13-tex0">
					<float_array id="meshId13-tex0-array" count="40"> 
						0.381961 0.915079 0.385034 0.896503 0.385034 0.915079 0.513206 0.907764 0.516280 0.896503 0.516280 0.907764 0.386100 0.915079 0.389173 0.896503 0.389173 0.915079 0.534155 0.272125 0.463607 0.229357 0.534155 0.229357 0.517345 0.907764 0.520419 0.896503 0.520419 0.907764 0.381961 0.896503 0.513206 0.896503 0.386100 0.896503 0.463607 0.272125 0.517345 0.896503 
					</float_array>
					<technique_common>
						<accessor count="20" offset="0" source="#meshId13-tex0-array" stride="2">
							<param name="S" type="float" />
							<param name="T" type="float" />
						</accessor>
					</technique_common>
				</source>
				<vertices id="meshId13-vertices">
					<input semantic="POSITION" source="#meshId13-positions" />
				</vertices>
				<polylist count="10" material="defaultMaterial">
					<input offset="0" semantic="VERTEX" source="#meshId13-vertices" />
					<input offset="0" semantic="NORMAL" source="#meshId13-normals" />
					<input offset="0" semantic="TANGENT" source="#meshId13-tangents" />
					<input offset="0" semantic="BINORMAL" source="#meshId13-bitangents" />
					<input offset="0" semantic="TEXCOORD" source="#meshId13-tex0" set="0" />
					<vcount>
						3 3 3 3 3 3 3 3 3 3 
					</vcount>
					<p>
						0 1 2 3 4 5 6 7 8 9 10 11 12 13 14 0 15 1 3 16 4 6 17 7 9 18 10 12 19 13 
					</p>
				</polylist>
			</mesh>
		</geometry>
		<geometry id="meshId14" name="meshId14_name" >
			<mesh>
				<source id="meshId14-positions" name="meshId14-positions">
					<float_array id="meshId14-positions-array" count="60"> 
						16.756477 0.638943 3.514626 16.756481 -0.638944 -4.208551 16.756477 -0.638944 3.514626 21.438564 0.638943 3.514622 16.756477 -0.638944 3.514626 21.438564 -0.638944 3.514622 21.438564 0.638943 -4.208551 21.438564 -0.638944 3.514622 21.438564 -0.638944 -4.208551 16.756481 0.638943 -4.208551 21.438564 0.638943 3.514622 21.438564 0.638943 -4.208551 16.756481 0.638943 -4.208551 21.438564 -0.638944 -4.208551 16.756481 -0.638944 -4.208551 16.756481 0.638943 -4.208551 16.756477 0.638943 3.514626 21.438564 0.638943 3.514622 16.756477 0.638943 3.514626 21.438564 0.638943 -4.208551 
					</float_array>
					<technique_common>
						<accessor count="20" offset="0" source="#meshId14-positions-array" stride="3">
							<param name="X" type="float" />
							<param name="Y" type="float" />
							<param name="Z" type="float" />
						</accessor>
					</technique_common>
				</source>
				<source id="meshId14-normals" name="meshId14-normals">
					<float_array id="meshId14-normals-array" count="60"> 
						-1.000000 0.000000 0.000000 -1.000000 0.000000 0.000000 -1.000000 0.000000 0.000000 0.000000 0.000000 1.000000 0.000000 0.000000 1.000000 0.000000 0.000000 1.000000 1.000000 0.000000 0.000000 1.000000 0.000000 0.000000 1.000000 0.000000 0.000000 0.000000 1.000000 0.000000 0.000000 1.000000 0.000000 0.000000 1.000000 0.000000 0.000000 0.000000 -1.000000 0.000000 0.000000 -1.000000 0.000000 0.000000 -1.000000 -1.000000 0.000000 0.000000 0.000000 0.000000 1.000000 1.000000 0.000000 0.000000 0.000000 1.000000 0.000000 0.000000 0.000000 -1.000000 
					</float_array>
					<technique_common>
						<accessor count="20" offset="0" source="#meshId14-normals-array" stride="3">
							<param name="X" type="float" />
							<param name="Y" type="float" />
							<param name="Z" type="float" />
						</accessor>
					</technique_common>
				</source>
				<source id="meshId14-tangents" name="meshId14-tangents">
					<float_array id="meshId14-tangents-array" count="60"> 
						0.000000 -1.000000 0.000000 0.000000 -1.000000 0.000000 0.000000 -1.000000 0.000000 0.000000 -1.000000 0.000000 0.000000 -1.000000 0.000000 0.000000 -1.000000 0.000000 0.000000 -1.000000 0.000000 0.000000 -1.000000 0.000000 0.000000 -1.000000 0.000000 0.000000 0.000000 -1.000000 0.000000 0.000000 -1.000000 0.000000 0.000000 -1.000000 0.000000 -1.000000 0.000000 0.000000 -1.000000 0.000000 0.000000 -1.000000 0.000000 0.000000 -1.000000 0.000000 0.000000 -1.000000 0.000000 0.000000 -1.000000 0.000000 0.000000 0.000000 -1.000000 0.000000 -1.000000 0.000000 
					</float_array>
					<technique_common>
						<accessor count="20" offset="0" source="#meshId14-tangents-array" stride="3">
							<param name="X" type="float" />
							<param name="Y" type="float" />
							<param name="Z" type="float" />
						</accessor>
					</technique_common>
				</source>
				<source id="meshId14-bitangents" name="meshId14-bitangents">
					<float_array id="meshId14-bitangents-array" count="60"> 
						0.000000 0.000000 1.000000 0.000000 0.000000 1.000000 0.000000 0.000000 1.000000 1.000000 0.000000 0.000000 1.000000 0.000000 0.000000 1.000000 0.000000 0.000000 0.000000 0.000000 -1.000000 0.000000 0.000000 -1.000000 0.000000 0.000000 -1.000000 -1.000000 0.000000 -0.000000 -1.000000 0.000000 -0.000000 -1.000000 0.000000 -0.000000 -1.000000 -0.000000 0.000000 -1.000000 -0.000000 0.000000 -1.000000 -0.000000 0.000000 0.000000 0.000000 1.000000 1.000000 0.000000 0.000000 0.000000 0.000000 -1.000000 -1.000000 0.000000 -0.000000 -1.000000 -0.000000 0.000000 
					</float_array>
					<technique_common>
						<accessor count="20" offset="0" source="#meshId14-bitangents-array" stride="3">
							<param name="X" type="float" />
							<param name="Y" type="float" />
							<param name="Z" type="float" />
						</accessor>
					</technique_common>
				</source>
				<source id="meshId14-tex0" name="meshId14-tex0">
					<float_array id="meshId14-tex0-array" count="40"> 
						0.390239 0.915079 0.393312 0.896503 0.393312 0.915079 0.108333 0.919466 0.111407 0.908205 0.111407 0.919466 0.394378 0.915079 0.397451 0.896503 0.397451 0.915079 0.672170 0.981115 0.601622 0.938346 0.672170 0.938346 0.112472 0.919466 0.115545 0.908205 0.115545 0.919466 0.390239 0.896503 0.108333 0.908205 0.394378 0.896503 0.601622 0.981115 0.112472 0.908205 
					</float_array>
					<technique_common>
						<accessor count="20" offset="0" source="#meshId14-tex0-array" stride="2">
							<param name="S" type="float" />
							<param name="T" type="float" />
						</accessor>
					</technique_common>
				</source>
				<vertices id="meshId14-vertices">
					<input semantic="POSITION" source="#meshId14-positions" />
				</vertices>
				<polylist count="10" material="defaultMaterial">
					<input offset="0" semantic="VERTEX" source="#meshId14-vertices" />
					<input offset="0" semantic="NORMAL" source="#meshId14-normals" />
					<input offset="0" semantic="TANGENT" source="#meshId14-tangents" />
					<input offset="0" semantic="BINORMAL" source="#meshId14-bitangents" />
					<input offset="0" semantic="TEXCOORD" source="#meshId14-tex0" set="0" />
					<vcount>
						3 3 3 3 3 3 3 3 3 3 
					</vcount>
					<p>
						0 1 2 3 4 5 6 7 8 9 10 11 12 13 14 0 15 1 3 16 4 6 17 7 9 18 10 12 19 13 
					</p>
				</polylist>
			</mesh>
		</geometry>
		<geometry id="meshId15" name="meshId15_name" >
			<mesh>
				<source id="meshId15-positions" name="meshId15-positions">
					<float_array id="meshId15-positions-array" count="60"> 
						4.208485 0.638943 3.514622 4.208481 -0.638944 -4.208553 4.208485 -0.638944 3.514622 8.890572 0.638943 3.514626 4.208485 -0.638944 3.514622 8.890572 -0.638944 3.514626 8.890572 0.638943 -4.208553 8.890572 -0.638944 3.514626 8.890572 -0.638944 -4.208553 4.208481 0.638943 -4.208553 8.890572 0.638943 3.514626 8.890572 0.638943 -4.208553 4.208481 0.638943 -4.208553 8.890572 -0.638944 -4.208553 4.208481 -0.638944 -4.208553 4.208481 0.638943 -4.208553 4.208485 0.638943 3.514622 8.890572 0.638943 3.514626 4.208485 0.638943 3.514622 8.890572 0.638943 -4.208553 
					</float_array>
					<technique_common>
						<accessor count="20" offset="0" source="#meshId15-positions-array" stride="3">
							<param name="X" type="float" />
							<param name="Y" type="float" />
							<param name="Z" type="float" />
						</accessor>
					</technique_common>
				</source>
				<source id="meshId15-normals" name="meshId15-normals">
					<float_array id="meshId15-normals-array" count="60"> 
						-1.000000 0.000000 0.000000 -1.000000 0.000000 0.000000 -1.000000 0.000000 0.000000 0.000000 0.000000 1.000000 0.000000 0.000000 1.000000 0.000000 0.000000 1.000000 1.000000 0.000000 0.000000 1.000000 0.000000 0.000000 1.000000 0.000000 0.000000 0.000000 1.000000 0.000000 0.000000 1.000000 0.000000 0.000000 1.000000 0.000000 0.000000 0.000000 -1.000000 0.000000 0.000000 -1.000000 0.000000 0.000000 -1.000000 -1.000000 0.000000 0.000000 0.000000 0.000000 1.000000 1.000000 0.000000 0.000000 0.000000 1.000000 0.000000 0.000000 0.000000 -1.000000 
					</float_array>
					<technique_common>
						<accessor count="20" offset="0" source="#meshId15-normals-array" stride="3">
							<param name="X" type="float" />
							<param name="Y" type="float" />
							<param name="Z" type="float" />
						</accessor>
					</technique_common>
				</source>
				<source id="meshId15-tangents" name="meshId15-tangents">
					<float_array id="meshId15-tangents-array" count="60"> 
						0.000000 -1.000000 0.000000 0.000000 -1.000000 0.000000 0.000000 -1.000000 0.000000 0.000000 -1.000000 0.000000 0.000000 -1.000000 0.000000 0.000000 -1.000000 0.000000 0.000000 -1.000000 0.000000 0.000000 -1.000000 0.000000 0.000000 -1.000000 0.000000 -0.000000 0.000000 -1.000000 -0.000000 0.000000 -1.000000 -0.000000 0.000000 -1.000000 0.000000 -1.000000 0.000000 0.000000 -1.000000 0.000000 0.000000 -1.000000 0.000000 0.000000 -1.000000 0.000000 0.000000 -1.000000 0.000000 0.000000 -1.000000 0.000000 -0.000000 0.000000 -1.000000 0.000000 -1.000000 0.000000 
					</float_array>
					<technique_common>
						<accessor count="20" offset="0" source="#meshId15-tangents-array" stride="3">
							<param name="X" type="float" />
							<param name="Y" type="float" />
							<param name="Z" type="float" />
						</accessor>
					</technique_common>
				</source>
				<source id="meshId15-bitangents" name="meshId15-bitangents">
					<float_array id="meshId15-bitangents-array" count="60"> 
						0.000000 0.000000 1.000000 0.000000 0.000000 1.000000 0.000000 0.000000 1.000000 1.000000 0.000000 -0.000000 1.000000 0.000000 -0.000000 1.000000 0.000000 0.000000 0.000000 0.000000 -1.000000 0.000000 0.000000 -1.000000 0.000000 0.000000 -1.000000 -1.000000 0.000000 0.000000 -1.000000 0.000000 0.000000 -1.000000 0.000000 0.000000 -1.000000 -0.000000 0.000000 -1.000000 -0.000000 0.000000 -1.000000 -0.000000 0.000000 0.000000 0.000000 1.000000 1.000000 0.000000 0.000000 0.000000 0.000000 -1.000000 -1.000000 0.000000 0.000000 -1.000000 -0.000000 0.000000 
					</float_array>
					<technique_common>
						<accessor count="20" offset="0" source="#meshId15-bitangents-array" stride="3">
							<param name="X" type="float" />
							<param name="Y" type="float" />
							<param name="Z" type="float" />
						</accessor>
					</technique_common>
				</source>
				<source id="meshId15-tex0" name="meshId15-tex0">
					<float_array id="meshId15-tex0-array" count="40"> 
						0.398517 0.915079 0.401590 0.896503 0.401590 0.915079 0.337329 0.277276 0.344800 0.249900 0.344800 0.277276 0.402656 0.915079 0.405729 0.896503 0.405729 0.915079 0.754931 0.981115 0.684383 0.938346 0.754931 0.938346 0.302001 0.915430 0.305074 0.904168 0.305074 0.915430 0.398517 0.896503 0.337329 0.249900 0.402656 0.896503 0.684383 0.981115 0.302001 0.904168 
					</float_array>
					<technique_common>
						<accessor count="20" offset="0" source="#meshId15-tex0-array" stride="2">
							<param name="S" type="float" />
							<param name="T" type="float" />
						</accessor>
					</technique_common>
				</source>
				<vertices id="meshId15-vertices">
					<input semantic="POSITION" source="#meshId15-positions" />
				</vertices>
				<polylist count="10" material="defaultMaterial">
					<input offset="0" semantic="VERTEX" source="#meshId15-vertices" />
					<input offset="0" semantic="NORMAL" source="#meshId15-normals" />
					<input offset="0" semantic="TANGENT" source="#meshId15-tangents" />
					<input offset="0" semantic="BINORMAL" source="#meshId15-bitangents" />
					<input offset="0" semantic="TEXCOORD" source="#meshId15-tex0" set="0" />
					<vcount>
						3 3 3 3 3 3 3 3 3 3 
					</vcount>
					<p>
						0 1 2 3 4 5 6 7 8 9 10 11 12 13 14 0 15 1 3 16 4 6 17 7 9 18 10 12 19 13 
					</p>
				</polylist>
			</mesh>
		</geometry>
		<geometry id="meshId16" name="meshId16_name" >
			<mesh>
				<source id="meshId16-positions" name="meshId16-positions">
					<float_array id="meshId16-positions-array" count="60"> 
						10.482483 0.638943 3.514622 10.482483 -0.638944 -4.208553 10.482483 -0.638944 3.514622 15.164570 0.638943 3.514622 10.482483 -0.638944 3.514622 15.164570 -0.638944 3.514622 15.164570 0.638943 -4.208553 15.164570 -0.638944 3.514622 15.164570 -0.638944 -4.208553 10.482483 0.638943 -4.208553 15.164570 0.638943 3.514622 15.164570 0.638943 -4.208553 10.482483 0.638943 -4.208553 15.164570 -0.638944 -4.208553 10.482483 -0.638944 -4.208553 10.482483 0.638943 -4.208553 10.482483 0.638943 3.514622 15.164570 0.638943 3.514622 10.482483 0.638943 3.514622 15.164570 0.638943 -4.208553 
					</float_array>
					<technique_common>
						<accessor count="20" offset="0" source="#meshId16-positions-array" stride="3">
							<param name="X" type="float" />
							<param name="Y" type="float" />
							<param name="Z" type="float" />
						</accessor>
					</technique_common>
				</source>
				<source id="meshId16-normals" name="meshId16-normals">
					<float_array id="meshId16-normals-array" count="60"> 
						-1.000000 0.000000 0.000000 -1.000000 0.000000 0.000000 -1.000000 0.000000 0.000000 0.000000 0.000000 1.000000 0.000000 0.000000 1.000000 0.000000 0.000000 1.000000 1.000000 0.000000 0.000000 1.000000 0.000000 0.000000 1.000000 0.000000 0.000000 0.000000 1.000000 0.000000 0.000000 1.000000 0.000000 0.000000 1.000000 0.000000 0.000000 0.000000 -1.000000 0.000000 0.000000 -1.000000 0.000000 0.000000 -1.000000 -1.000000 0.000000 0.000000 0.000000 0.000000 1.000000 1.000000 0.000000 0.000000 0.000000 1.000000 0.000000 0.000000 0.000000 -1.000000 
					</float_array>
					<technique_common>
						<accessor count="20" offset="0" source="#meshId16-normals-array" stride="3">
							<param name="X" type="float" />
							<param name="Y" type="float" />
							<param name="Z" type="float" />
						</accessor>
					</technique_common>
				</source>
				<source id="meshId16-tangents" name="meshId16-tangents">
					<float_array id="meshId16-tangents-array" count="60"> 
						0.000000 -1.000000 0.000000 0.000000 -1.000000 0.000000 0.000000 -1.000000 0.000000 0.000000 -1.000000 0.000000 0.000000 -1.000000 0.000000 0.000000 -1.000000 0.000000 0.000000 -1.000000 0.000000 0.000000 -1.000000 0.000000 0.000000 -1.000000 0.000000 -0.000000 0.000000 -1.000000 -0.000000 0.000000 -1.000000 -0.000000 0.000000 -1.000000 0.000000 -1.000000 0.000000 0.000000 -1.000000 0.000000 0.000000 -1.000000 0.000000 0.000000 -1.000000 0.000000 0.000000 -1.000000 0.000000 0.000000 -1.000000 0.000000 -0.000000 0.000000 -1.000000 0.000000 -1.000000 0.000000 
					</float_array>
					<technique_common>
						<accessor count="20" offset="0" source="#meshId16-tangents-array" stride="3">
							<param name="X" type="float" />
							<param name="Y" type="float" />
							<param name="Z" type="float" />
						</accessor>
					</technique_common>
				</source>
				<source id="meshId16-bitangents" name="meshId16-bitangents">
					<float_array id="meshId16-bitangents-array" count="60"> 
						0.000000 0.000000 1.000000 0.000000 0.000000 1.000000 0.000000 0.000000 1.000000 1.000000 0.000000 -0.000000 1.000000 0.000000 -0.000000 1.000000 0.000000 0.000000 0.000000 0.000000 -1.000000 0.000000 0.000000 -1.000000 0.000000 0.000000 -1.000000 -1.000000 0.000000 0.000000 -1.000000 0.000000 0.000000 -1.000000 0.000000 0.000000 -1.000000 -0.000000 0.000000 -1.000000 -0.000000 0.000000 -1.000000 -0.000000 0.000000 0.000000 0.000000 1.000000 1.000000 0.000000 0.000000 0.000000 0.000000 -1.000000 -1.000000 0.000000 0.000000 -1.000000 -0.000000 0.000000 
					</float_array>
					<technique_common>
						<accessor count="20" offset="0" source="#meshId16-bitangents-array" stride="3">
							<param name="X" type="float" />
							<param name="Y" type="float" />
							<param name="Z" type="float" />
						</accessor>
					</technique_common>
				</source>
				<source id="meshId16-tex0" name="meshId16-tex0">
					<float_array id="meshId16-tex0-array" count="40"> 
						0.406795 0.915079 0.409868 0.896503 0.409868 0.915079 0.521484 0.907764 0.524558 0.896503 0.524558 0.907764 0.410934 0.915079 0.414007 0.896503 0.414007 0.915079 0.240234 0.989730 0.169687 0.946961 0.240234 0.946961 0.525623 0.907764 0.528697 0.896503 0.528697 0.907764 0.406795 0.896503 0.521484 0.896503 0.410934 0.896503 0.169687 0.989730 0.525623 0.896503 
					</float_array>
					<technique_common>
						<accessor count="20" offset="0" source="#meshId16-tex0-array" stride="2">
							<param name="S" type="float" />
							<param name="T" type="float" />
						</accessor>
					</technique_common>
				</source>
				<vertices id="meshId16-vertices">
					<input semantic="POSITION" source="#meshId16-positions" />
				</vertices>
				<polylist count="10" material="defaultMaterial">
					<input offset="0" semantic="VERTEX" source="#meshId16-vertices" />
					<input offset="0" semantic="NORMAL" source="#meshId16-normals" />
					<input offset="0" semantic="TANGENT" source="#meshId16-tangents" />
					<input offset="0" semantic="BINORMAL" source="#meshId16-bitangents" />
					<input offset="0" semantic="TEXCOORD" source="#meshId16-tex0" set="0" />
					<vcount>
						3 3 3 3 3 3 3 3 3 3 
					</vcount>
					<p>
						0 1 2 3 4 5 6 7 8 9 10 11 12 13 14 0 15 1 3 16 4 6 17 7 9 18 10 12 19 13 
					</p>
				</polylist>
			</mesh>
		</geometry>
		<geometry id="meshId17" name="meshId17_name" >
			<mesh>
				<source id="meshId17-positions" name="meshId17-positions">
					<float_array id="meshId17-positions-array" count="60"> 
						16.756477 0.638943 3.514622 16.756481 -0.638944 -4.208553 16.756477 -0.638944 3.514622 21.438564 0.638943 3.514622 16.756477 -0.638944 3.514622 21.438564 -0.638944 3.514622 21.438564 0.638943 -4.208553 21.438564 -0.638944 3.514622 21.438564 -0.638944 -4.208553 16.756481 0.638943 -4.208553 21.438564 0.638943 3.514622 21.438564 0.638943 -4.208553 16.756481 0.638943 -4.208553 21.438564 -0.638944 -4.208553 16.756481 -0.638944 -4.208553 16.756481 0.638943 -4.208553 16.756477 0.638943 3.514622 21.438564 0.638943 3.514622 16.756477 0.638943 3.514622 21.438564 0.638943 -4.208553 
					</float_array>
					<technique_common>
						<accessor count="20" offset="0" source="#meshId17-positions-array" stride="3">
							<param name="X" type="float" />
							<param name="Y" type="float" />
							<param name="Z" type="float" />
						</accessor>
					</technique_common>
				</source>
				<source id="meshId17-normals" name="meshId17-normals">
					<float_array id="meshId17-normals-array" count="60"> 
						-1.000000 0.000000 0.000000 -1.000000 0.000000 0.000000 -1.000000 0.000000 0.000000 0.000000 0.000000 1.000000 0.000000 0.000000 1.000000 0.000000 0.000000 1.000000 1.000000 0.000000 0.000000 1.000000 0.000000 0.000000 1.000000 0.000000 0.000000 0.000000 1.000000 0.000000 0.000000 1.000000 0.000000 0.000000 1.000000 0.000000 0.000000 0.000000 -1.000000 0.000000 0.000000 -1.000000 0.000000 0.000000 -1.000000 -1.000000 0.000000 0.000000 0.000000 0.000000 1.000000 1.000000 0.000000 0.000000 0.000000 1.000000 0.000000 0.000000 0.000000 -1.000000 
					</float_array>
					<technique_common>
						<accessor count="20" offset="0" source="#meshId17-normals-array" stride="3">
							<param name="X" type="float" />
							<param name="Y" type="float" />
							<param name="Z" type="float" />
						</accessor>
					</technique_common>
				</source>
				<source id="meshId17-tangents" name="meshId17-tangents">
					<float_array id="meshId17-tangents-array" count="60"> 
						0.000000 -1.000000 -0.000002 0.000000 -1.000000 -0.000017 0.000000 -1.000000 0.000000 0.000000 -1.000000 0.000000 0.000000 -1.000000 0.000000 0.000000 -1.000000 0.000000 0.000000 -1.000000 0.000000 0.000000 -1.000000 0.000000 0.000000 -1.000000 0.000000 0.000000 0.000000 -1.000000 0.000000 0.000000 -1.000000 0.000000 0.000000 -1.000000 0.000000 -1.000000 0.000000 0.000000 -1.000000 0.000000 0.000000 -1.000000 0.000000 0.000000 -1.000000 -0.000019 0.000000 -1.000000 0.000000 0.000000 -1.000000 0.000000 0.000000 0.000000 -1.000000 0.000000 -1.000000 0.000000 
					</float_array>
					<technique_common>
						<accessor count="20" offset="0" source="#meshId17-tangents-array" stride="3">
							<param name="X" type="float" />
							<param name="Y" type="float" />
							<param name="Z" type="float" />
						</accessor>
					</technique_common>
				</source>
				<source id="meshId17-bitangents" name="meshId17-bitangents">
					<float_array id="meshId17-bitangents-array" count="60"> 
						0.000000 -0.000002 1.000000 0.000000 -0.000017 1.000000 0.000000 0.000000 1.000000 1.000000 0.000000 0.000000 1.000000 0.000000 0.000000 1.000000 0.000000 0.000000 0.000000 0.000000 -1.000000 0.000000 0.000000 -1.000000 0.000000 0.000000 -1.000000 -1.000000 0.000000 -0.000000 -1.000000 0.000000 -0.000000 -1.000000 0.000000 -0.000000 -1.000000 -0.000000 0.000000 -1.000000 -0.000000 0.000000 -1.000000 -0.000000 0.000000 0.000000 -0.000019 1.000000 1.000000 0.000000 0.000000 0.000000 0.000000 -1.000000 -1.000000 0.000000 -0.000000 -1.000000 -0.000000 0.000000 
					</float_array>
					<technique_common>
						<accessor count="20" offset="0" source="#meshId17-bitangents-array" stride="3">
							<param name="X" type="float" />
							<param name="Y" type="float" />
							<param name="Z" type="float" />
						</accessor>
					</technique_common>
				</source>
				<source id="meshId17-tex0" name="meshId17-tex0">
					<float_array id="meshId17-tex0-array" count="40"> 
						0.415073 0.915079 0.418146 0.896503 0.418146 0.915079 0.116611 0.919466 0.119684 0.908205 0.119684 0.919466 0.419211 0.915079 0.422285 0.896503 0.422285 0.915079 0.993144 0.980298 0.922596 0.937529 0.993144 0.937529 0.120750 0.919466 0.123823 0.908205 0.123823 0.919466 0.415073 0.896503 0.116611 0.908205 0.419211 0.896503 0.922596 0.980298 0.120750 0.908205 
					</float_array>
					<technique_common>
						<accessor count="20" offset="0" source="#meshId17-tex0-array" stride="2">
							<param name="S" type="float" />
							<param name="T" type="float" />
						</accessor>
					</technique_common>
				</source>
				<vertices id="meshId17-vertices">
					<input semantic="POSITION" source="#meshId17-positions" />
				</vertices>
				<polylist count="10" material="defaultMaterial">
					<input offset="0" semantic="VERTEX" source="#meshId17-vertices" />
					<input offset="0" semantic="NORMAL" source="#meshId17-normals" />
					<input offset="0" semantic="TANGENT" source="#meshId17-tangents" />
					<input offset="0" semantic="BINORMAL" source="#meshId17-bitangents" />
					<input offset="0" semantic="TEXCOORD" source="#meshId17-tex0" set="0" />
					<vcount>
						3 3 3 3 3 3 3 3 3 3 
					</vcount>
					<p>
						0 1 2 3 4 5 6 7 8 9 10 11 12 13 14 0 15 1 3 16 4 6 17 7 9 18 10 12 19 13 
					</p>
				</polylist>
			</mesh>
		</geometry>
		<geometry id="meshId18" name="meshId18_name" >
			<mesh>
				<source id="meshId18-positions" name="meshId18-positions">
					<float_array id="meshId18-positions-array" count="60"> 
						-14.501274 0.638943 4.803379 -14.501270 -0.638944 -4.165970 -14.501274 -0.638944 4.803379 -10.517044 0.638943 4.803377 -14.501274 -0.638944 4.803379 -10.517044 -0.638944 4.803377 -10.517040 0.638943 -4.165970 -10.517044 -0.638944 4.803377 -10.517040 -0.638944 -4.165970 -14.501270 0.638943 -4.165970 -10.517044 0.638943 4.803377 -10.517040 0.638943 -4.165970 -14.501270 0.638943 -4.165970 -10.517040 -0.638944 -4.165970 -14.501270 -0.638944 -4.165970 -14.501270 0.638943 -4.165970 -14.501274 0.638943 4.803379 -10.517044 0.638943 4.803377 -14.501274 0.638943 4.803379 -10.517040 0.638943 -4.165970 
					</float_array>
					<technique_common>
						<accessor count="20" offset="0" source="#meshId18-positions-array" stride="3">
							<param name="X" type="float" />
							<param name="Y" type="float" />
							<param name="Z" type="float" />
						</accessor>
					</technique_common>
				</source>
				<source id="meshId18-normals" name="meshId18-normals">
					<float_array id="meshId18-normals-array" count="60"> 
						-1.000000 0.000000 0.000000 -1.000000 0.000000 0.000000 -1.000000 0.000000 0.000000 0.000000 0.000000 1.000000 0.000000 0.000000 1.000000 0.000000 0.000000 1.000000 1.000000 0.000000 0.000000 1.000000 0.000000 0.000000 1.000000 0.000000 0.000000 0.000000 1.000000 0.000000 0.000000 1.000000 0.000000 0.000000 1.000000 0.000000 0.000000 0.000000 -1.000000 0.000000 0.000000 -1.000000 0.000000 0.000000 -1.000000 -1.000000 0.000000 0.000000 0.000000 0.000000 1.000000 1.000000 0.000000 0.000000 0.000000 1.000000 0.000000 0.000000 0.000000 -1.000000 
					</float_array>
					<technique_common>
						<accessor count="20" offset="0" source="#meshId18-normals-array" stride="3">
							<param name="X" type="float" />
							<param name="Y" type="float" />
							<param name="Z" type="float" />
						</accessor>
					</technique_common>
				</source>
				<source id="meshId18-tangents" name="meshId18-tangents">
					<float_array id="meshId18-tangents-array" count="60"> 
						0.000000 -1.000000 0.000000 0.000000 -1.000000 0.000000 0.000000 -1.000000 0.000000 0.000000 -1.000000 0.000000 0.000000 -1.000000 0.000000 0.000000 -1.000000 0.000000 0.000000 -1.000000 0.000000 0.000000 -1.000000 0.000000 0.000000 -1.000000 0.000000 -1.000000 0.000000 -0.000000 -1.000000 0.000000 -0.000000 -1.000000 0.000000 -0.000000 0.000000 -1.000000 0.000000 0.000000 -1.000000 0.000000 0.000000 -1.000000 0.000000 0.000000 -1.000000 0.000000 0.000000 -1.000000 0.000000 0.000000 -1.000000 0.000000 -1.000000 0.000000 -0.000000 0.000000 -1.000000 0.000000 
					</float_array>
					<technique_common>
						<accessor count="20" offset="0" source="#meshId18-tangents-array" stride="3">
							<param name="X" type="float" />
							<param name="Y" type="float" />
							<param name="Z" type="float" />
						</accessor>
					</technique_common>
				</source>
				<source id="meshId18-bitangents" name="meshId18-bitangents">
					<float_array id="meshId18-bitangents-array" count="60"> 
						0.000000 0.000000 1.000000 0.000000 0.000000 1.000000 0.000000 0.000000 1.000000 1.000000 0.000000 0.000000 1.000000 0.000000 0.000000 1.000000 0.000000 0.000000 0.000000 0.000000 -1.000000 0.000000 0.000000 -1.000000 0.000000 0.000000 -1.000000 -0.000000 0.000000 1.000000 -0.000000 0.000000 1.000000 -0.000000 0.000000 1.000000 -1.000000 -0.000000 0.000000 -1.000000 -0.000000 0.000000 -1.000000 -0.000000 0.000000 0.000000 0.000000 1.000000 1.000000 0.000000 0.000000 0.000000 0.000000 -1.000000 -0.000000 0.000000 1.000000 -1.000000 -0.000000 0.000000 
					</float_array>
					<technique_common>
						<accessor count="20" offset="0" source="#meshId18-bitangents-array" stride="3">
							<param name="X" type="float" />
							<param name="Y" type="float" />
							<param name="Z" type="float" />
						</accessor>
					</technique_common>
				</source>
				<source id="meshId18-tex0" name="meshId18-tex0">
					<float_array id="meshId18-tex0-array" count="40"> 
						0.302001 0.824538 0.305074 0.802965 0.305074 0.824538 0.168716 0.917788 0.171789 0.908205 0.171789 0.917788 0.249315 0.834287 0.252388 0.812714 0.252388 0.834287 0.992206 0.845539 0.955812 0.927470 0.955812 0.845539 0.172855 0.917788 0.175928 0.908205 0.175928 0.917788 0.302001 0.802965 0.168716 0.908205 0.249315 0.812714 0.992206 0.927470 0.172855 0.908205 
					</float_array>
					<technique_common>
						<accessor count="20" offset="0" source="#meshId18-tex0-array" stride="2">
							<param name="S" type="float" />
							<param name="T" type="float" />
						</accessor>
					</technique_common>
				</source>
				<vertices id="meshId18-vertices">
					<input semantic="POSITION" source="#meshId18-positions" />
				</vertices>
				<polylist count="10" material="defaultMaterial">
					<input offset="0" semantic="VERTEX" source="#meshId18-vertices" />
					<input offset="0" semantic="NORMAL" source="#meshId18-normals" />
					<input offset="0" semantic="TANGENT" source="#meshId18-tangents" />
					<input offset="0" semantic="BINORMAL" source="#meshId18-bitangents" />
					<input offset="0" semantic="TEXCOORD" source="#meshId18-tex0" set="0" />
					<vcount>
						3 3 3 3 3 3 3 3 3 3 
					</vcount>
					<p>
						0 1 2 3 4 5 6 7 8 9 10 11 12 13 14 0 15 1 3 16 4 6 17 7 9 18 10 12 19 13 
					</p>
				</polylist>
			</mesh>
		</geometry>
		<geometry id="meshId19" name="meshId19_name" >
			<mesh>
				<source id="meshId19-positions" name="meshId19-positions">
					<float_array id="meshId19-positions-array" count="60"> 
						-1.384083 0.515778 -22.316254 -1.384083 -0.515780 -28.121063 -1.384083 -0.515780 -22.316254 1.832142 0.515778 -22.316254 -1.384083 -0.515780 -22.316254 1.832142 -0.515780 -22.316254 1.832138 0.515778 -28.121059 1.832142 -0.515780 -22.316254 1.832138 -0.515780 -28.121059 -1.384083 0.515778 -28.121063 1.832142 0.515778 -22.316254 1.832138 0.515778 -28.121059 -1.384083 0.515778 -28.121063 1.832138 -0.515780 -28.121059 -1.384083 -0.515780 -28.121063 -1.384083 0.515778 -28.121063 -1.384083 0.515778 -22.316254 1.832142 0.515778 -22.316254 -1.384083 0.515778 -22.316254 1.832138 0.515778 -28.121059 
					</float_array>
					<technique_common>
						<accessor count="20" offset="0" source="#meshId19-positions-array" stride="3">
							<param name="X" type="float" />
							<param name="Y" type="float" />
							<param name="Z" type="float" />
						</accessor>
					</technique_common>
				</source>
				<source id="meshId19-normals" name="meshId19-normals">
					<float_array id="meshId19-normals-array" count="60"> 
						-1.000000 0.000000 0.000000 -1.000000 0.000000 0.000000 -1.000000 0.000000 0.000000 0.000000 0.000000 1.000000 0.000000 0.000000 1.000000 0.000000 0.000000 1.000000 1.000000 0.000000 0.000000 1.000000 0.000000 0.000000 1.000000 0.000000 0.000000 0.000000 1.000000 0.000000 0.000000 1.000000 0.000000 0.000000 1.000000 0.000000 0.000000 0.000000 -1.000000 0.000000 0.000000 -1.000000 0.000000 0.000000 -1.000000 -1.000000 0.000000 0.000000 0.000000 0.000000 1.000000 1.000000 0.000000 0.000000 0.000000 1.000000 0.000000 0.000000 0.000000 -1.000000 
					</float_array>
					<technique_common>
						<accessor count="20" offset="0" source="#meshId19-normals-array" stride="3">
							<param name="X" type="float" />
							<param name="Y" type="float" />
							<param name="Z" type="float" />
						</accessor>
					</technique_common>
				</source>
				<source id="meshId19-tangents" name="meshId19-tangents">
					<float_array id="meshId19-tangents-array" count="60"> 
						0.000000 -1.000000 0.000000 0.000000 -1.000000 0.000000 0.000000 -1.000000 0.000000 0.000000 -1.000000 0.000000 0.000000 -1.000000 0.000000 0.000000 -1.000000 0.000000 0.000000 -1.000000 0.000000 0.000000 -1.000000 0.000000 0.000000 -1.000000 0.000000 -1.000000 0.000000 -0.000000 -1.000000 0.000000 -0.000000 -1.000000 0.000000 -0.000000 0.000000 -1.000000 0.000000 0.000000 -1.000000 0.000000 0.000000 -1.000000 0.000000 0.000000 -1.000000 0.000000 0.000000 -1.000000 0.000000 0.000000 -1.000000 0.000000 -1.000000 0.000000 -0.000000 0.000000 -1.000000 0.000000 
					</float_array>
					<technique_common>
						<accessor count="20" offset="0" source="#meshId19-tangents-array" stride="3">
							<param name="X" type="float" />
							<param name="Y" type="float" />
							<param name="Z" type="float" />
						</accessor>
					</technique_common>
				</source>
				<source id="meshId19-bitangents" name="meshId19-bitangents">
					<float_array id="meshId19-bitangents-array" count="60"> 
						0.000000 0.000000 1.000000 0.000000 0.000000 1.000000 0.000000 0.000000 1.000000 1.000000 0.000000 -0.000000 1.000000 0.000000 -0.000000 1.000000 0.000000 0.000000 0.000000 0.000000 -1.000000 0.000000 0.000000 -1.000000 0.000000 0.000000 -1.000000 -0.000000 0.000000 1.000000 -0.000000 0.000000 1.000000 -0.000000 0.000000 1.000000 -1.000000 -0.000000 0.000000 -1.000000 -0.000000 0.000000 -1.000000 -0.000000 0.000000 0.000000 0.000000 1.000000 1.000000 0.000000 0.000000 0.000000 0.000000 -1.000000 -0.000000 0.000000 1.000000 -1.000000 -0.000000 0.000000 
					</float_array>
					<technique_common>
						<accessor count="20" offset="0" source="#meshId19-bitangents-array" stride="3">
							<param name="X" type="float" />
							<param name="Y" type="float" />
							<param name="Z" type="float" />
						</accessor>
					</technique_common>
				</source>
				<source id="meshId19-tex0" name="meshId19-tex0">
					<float_array id="meshId19-tex0-array" count="40"> 
						0.451723 0.910465 0.454204 0.896503 0.454204 0.910465 0.192365 0.915941 0.194846 0.908205 0.194846 0.915941 0.455269 0.910465 0.457750 0.896503 0.457750 0.910465 0.988440 0.789999 0.959061 0.843023 0.959061 0.789999 0.152893 0.915941 0.155374 0.908205 0.155374 0.915941 0.451723 0.896503 0.192365 0.908205 0.455269 0.896503 0.988440 0.843023 0.152893 0.908205 
					</float_array>
					<technique_common>
						<accessor count="20" offset="0" source="#meshId19-tex0-array" stride="2">
							<param name="S" type="float" />
							<param name="T" type="float" />
						</accessor>
					</technique_common>
				</source>
				<vertices id="meshId19-vertices">
					<input semantic="POSITION" source="#meshId19-positions" />
				</vertices>
				<polylist count="10" material="defaultMaterial">
					<input offset="0" semantic="VERTEX" source="#meshId19-vertices" />
					<input offset="0" semantic="NORMAL" source="#meshId19-normals" />
					<input offset="0" semantic="TANGENT" source="#meshId19-tangents" />
					<input offset="0" semantic="BINORMAL" source="#meshId19-bitangents" />
					<input offset="0" semantic="TEXCOORD" source="#meshId19-tex0" set="0" />
					<vcount>
						3 3 3 3 3 3 3 3 3 3 
					</vcount>
					<p>
						0 1 2 3 4 5 6 7 8 9 10 11 12 13 14 0 15 1 3 16 4 6 17 7 9 18 10 12 19 13 
					</p>
				</polylist>
			</mesh>
		</geometry>
		<geometry id="meshId20" name="meshId20_name" >
			<mesh>
				<source id="meshId20-positions" name="meshId20-positions">
					<float_array id="meshId20-positions-array" count="60"> 
						5.666462 0.515778 3.346981 5.666462 -0.515780 -5.257240 5.666462 -0.515780 3.346981 8.344337 0.515778 3.346981 5.666462 -0.515780 3.346981 8.344337 -0.515780 3.346981 8.344337 0.515778 -5.257240 8.344337 -0.515780 3.346981 8.344337 -0.515780 -5.257240 5.666462 0.515778 -5.257240 8.344337 0.515778 3.346981 8.344337 0.515778 -5.257240 5.666462 0.515778 -5.257240 8.344337 -0.515780 -5.257240 5.666462 -0.515780 -5.257240 5.666462 0.515778 -5.257240 5.666462 0.515778 3.346981 8.344337 0.515778 3.346981 5.666462 0.515778 3.346981 8.344337 0.515778 -5.257240 
					</float_array>
					<technique_common>
						<accessor count="20" offset="0" source="#meshId20-positions-array" stride="3">
							<param name="X" type="float" />
							<param name="Y" type="float" />
							<param name="Z" type="float" />
						</accessor>
					</technique_common>
				</source>
				<source id="meshId20-normals" name="meshId20-normals">
					<float_array id="meshId20-normals-array" count="60"> 
						-1.000000 0.000000 0.000000 -1.000000 0.000000 0.000000 -1.000000 0.000000 0.000000 0.000000 0.000000 1.000000 0.000000 0.000000 1.000000 0.000000 0.000000 1.000000 1.000000 0.000000 0.000000 1.000000 0.000000 0.000000 1.000000 0.000000 0.000000 0.000000 1.000000 0.000000 0.000000 1.000000 0.000000 0.000000 1.000000 0.000000 0.000000 0.000000 -1.000000 0.000000 0.000000 -1.000000 0.000000 0.000000 -1.000000 -1.000000 0.000000 0.000000 0.000000 0.000000 1.000000 1.000000 0.000000 0.000000 0.000000 1.000000 0.000000 0.000000 0.000000 -1.000000 
					</float_array>
					<technique_common>
						<accessor count="20" offset="0" source="#meshId20-normals-array" stride="3">
							<param name="X" type="float" />
							<param name="Y" type="float" />
							<param name="Z" type="float" />
						</accessor>
					</technique_common>
				</source>
				<source id="meshId20-tangents" name="meshId20-tangents">
					<float_array id="meshId20-tangents-array" count="60"> 
						0.000000 -1.000000 0.000000 0.000000 -1.000000 0.000000 0.000000 -1.000000 0.000000 0.000000 -1.000000 0.000000 0.000000 -1.000000 0.000000 0.000000 -1.000000 0.000000 0.000000 -1.000000 0.000000 0.000000 -1.000000 0.000000 0.000000 -1.000000 0.000000 0.000000 0.000000 -1.000000 0.000000 0.000000 -1.000000 0.000000 0.000000 -1.000000 0.000000 -1.000000 0.000000 0.000000 -1.000000 0.000000 0.000000 -1.000000 0.000000 0.000000 -1.000000 0.000000 0.000000 -1.000000 0.000000 0.000000 -1.000000 0.000000 0.000000 0.000000 -1.000000 0.000000 -1.000000 0.000000 
					</float_array>
					<technique_common>
						<accessor count="20" offset="0" source="#meshId20-tangents-array" stride="3">
							<param name="X" type="float" />
							<param name="Y" type="float" />
							<param name="Z" type="float" />
						</accessor>
					</technique_common>
				</source>
				<source id="meshId20-bitangents" name="meshId20-bitangents">
					<float_array id="meshId20-bitangents-array" count="60"> 
						0.000000 0.000000 1.000000 0.000000 0.000000 1.000000 0.000000 0.000000 1.000000 1.000000 0.000000 0.000000 1.000000 0.000000 0.000000 1.000000 0.000000 0.000000 -0.000000 0.000000 -1.000000 -0.000000 0.000000 -1.000000 0.000000 0.000000 -1.000000 -1.000000 0.000000 -0.000000 -1.000000 0.000000 -0.000000 -1.000000 0.000000 -0.000000 -1.000000 -0.000000 0.000000 -1.000000 -0.000000 0.000000 -1.000000 -0.000000 0.000000 0.000000 0.000000 1.000000 1.000000 0.000000 0.000000 0.000000 0.000000 -1.000000 -1.000000 0.000000 -0.000000 -1.000000 -0.000000 0.000000 
					</float_array>
					<technique_common>
						<accessor count="20" offset="0" source="#meshId20-bitangents-array" stride="3">
							<param name="X" type="float" />
							<param name="Y" type="float" />
							<param name="Z" type="float" />
						</accessor>
					</technique_common>
				</source>
				<source id="meshId20-tex0" name="meshId20-tex0">
					<float_array id="meshId20-tex0-array" count="40"> 
						0.430443 0.917198 0.432925 0.896503 0.432925 0.917198 0.199052 0.572256 0.205084 0.556599 0.205084 0.572256 0.433990 0.917198 0.436471 0.896503 0.436471 0.917198 0.537952 0.093771 0.459356 0.069310 0.537952 0.069310 0.199052 0.525306 0.205084 0.509649 0.205084 0.525306 0.430443 0.896503 0.199052 0.556599 0.433990 0.896503 0.459356 0.093771 0.199052 0.509649 
					</float_array>
					<technique_common>
						<accessor count="20" offset="0" source="#meshId20-tex0-array" stride="2">
							<param name="S" type="float" />
							<param name="T" type="float" />
						</accessor>
					</technique_common>
				</source>
				<vertices id="meshId20-vertices">
					<input semantic="POSITION" source="#meshId20-positions" />
				</vertices>
				<polylist count="10" material="defaultMaterial">
					<input offset="0" semantic="VERTEX" source="#meshId20-vertices" />
					<input offset="0" semantic="NORMAL" source="#meshId20-normals" />
					<input offset="0" semantic="TANGENT" source="#meshId20-tangents" />
					<input offset="0" semantic="BINORMAL" source="#meshId20-bitangents" />
					<input offset="0" semantic="TEXCOORD" source="#meshId20-tex0" set="0" />
					<vcount>
						3 3 3 3 3 3 3 3 3 3 
					</vcount>
					<p>
						0 1 2 3 4 5 6 7 8 9 10 11 12 13 14 0 15 1 3 16 4 6 17 7 9 18 10 12 19 13 
					</p>
				</polylist>
			</mesh>
		</geometry>
		<geometry id="meshId21" name="meshId21_name" >
			<mesh>
				<source id="meshId21-positions" name="meshId21-positions">
					<float_array id="meshId21-positions-array" count="60"> 
						12.718609 0.515778 3.455532 12.718609 -0.515780 -5.148685 12.718609 -0.515780 3.455532 15.396484 0.515778 3.455528 12.718609 -0.515780 3.455532 15.396484 -0.515780 3.455528 15.396484 0.515778 -5.148689 15.396484 -0.515780 3.455528 15.396484 -0.515780 -5.148689 12.718609 0.515778 -5.148685 15.396484 0.515778 3.455528 15.396484 0.515778 -5.148689 12.718609 0.515778 -5.148685 15.396484 -0.515780 -5.148689 12.718609 -0.515780 -5.148685 12.718609 0.515778 -5.148685 12.718609 0.515778 3.455532 15.396484 0.515778 3.455528 12.718609 0.515778 3.455532 15.396484 0.515778 -5.148689 
					</float_array>
					<technique_common>
						<accessor count="20" offset="0" source="#meshId21-positions-array" stride="3">
							<param name="X" type="float" />
							<param name="Y" type="float" />
							<param name="Z" type="float" />
						</accessor>
					</technique_common>
				</source>
				<source id="meshId21-normals" name="meshId21-normals">
					<float_array id="meshId21-normals-array" count="60"> 
						-1.000000 0.000000 0.000000 -1.000000 0.000000 0.000000 -1.000000 0.000000 0.000000 0.000000 0.000000 1.000000 0.000000 0.000000 1.000000 0.000000 0.000000 1.000000 1.000000 0.000000 0.000000 1.000000 0.000000 0.000000 1.000000 0.000000 0.000000 0.000000 1.000000 0.000000 0.000000 1.000000 0.000000 0.000000 1.000000 0.000000 0.000000 0.000000 -1.000000 0.000000 0.000000 -1.000000 0.000000 0.000000 -1.000000 -1.000000 0.000000 0.000000 0.000000 0.000000 1.000000 1.000000 0.000000 0.000000 0.000000 1.000000 0.000000 0.000000 0.000000 -1.000000 
					</float_array>
					<technique_common>
						<accessor count="20" offset="0" source="#meshId21-normals-array" stride="3">
							<param name="X" type="float" />
							<param name="Y" type="float" />
							<param name="Z" type="float" />
						</accessor>
					</technique_common>
				</source>
				<source id="meshId21-tangents" name="meshId21-tangents">
					<float_array id="meshId21-tangents-array" count="60"> 
						0.000000 -1.000000 0.000000 0.000000 -1.000000 0.000000 0.000000 -1.000000 0.000000 0.000000 -1.000000 0.000000 0.000000 -1.000000 0.000000 0.000000 -1.000000 0.000000 0.000000 -1.000000 0.000000 0.000000 -1.000000 0.000000 0.000000 -1.000000 0.000000 -1.000000 0.000000 0.000001 -1.000000 0.000000 0.000001 -1.000000 0.000000 0.000001 0.000000 -1.000000 0.000000 0.000000 -1.000000 0.000000 0.000000 -1.000000 0.000000 0.000000 -1.000000 0.000000 0.000000 -1.000000 0.000000 0.000000 -1.000000 0.000000 -1.000000 0.000000 0.000001 0.000000 -1.000000 0.000000 
					</float_array>
					<technique_common>
						<accessor count="20" offset="0" source="#meshId21-tangents-array" stride="3">
							<param name="X" type="float" />
							<param name="Y" type="float" />
							<param name="Z" type="float" />
						</accessor>
					</technique_common>
				</source>
				<source id="meshId21-bitangents" name="meshId21-bitangents">
					<float_array id="meshId21-bitangents-array" count="60"> 
						0.000000 0.000000 1.000000 0.000000 0.000000 1.000000 0.000000 0.000000 1.000000 1.000000 0.000000 0.000000 1.000000 0.000000 0.000000 1.000000 0.000000 0.000000 0.000000 0.000000 -1.000000 0.000000 0.000000 -1.000000 0.000000 0.000000 -1.000000 0.000001 0.000000 1.000000 0.000001 0.000000 1.000000 0.000001 0.000000 1.000000 -1.000000 -0.000000 0.000000 -1.000000 -0.000000 0.000000 -1.000000 -0.000000 0.000000 0.000000 0.000000 1.000000 1.000000 0.000000 0.000000 0.000000 0.000000 -1.000000 0.000001 0.000000 1.000000 -1.000000 -0.000000 0.000000 
					</float_array>
					<technique_common>
						<accessor count="20" offset="0" source="#meshId21-bitangents-array" stride="3">
							<param name="X" type="float" />
							<param name="Y" type="float" />
							<param name="Z" type="float" />
						</accessor>
					</technique_common>
				</source>
				<source id="meshId21-tex0" name="meshId21-tex0">
					<float_array id="meshId21-tex0-array" count="40"> 
						0.444629 0.917198 0.447111 0.896503 0.447111 0.917198 0.149347 0.914646 0.151828 0.908205 0.151828 0.914646 0.448176 0.917198 0.450657 0.896503 0.450657 0.917198 0.894707 0.540629 0.870246 0.619225 0.870246 0.540629 0.195911 0.914646 0.198392 0.908205 0.198392 0.914646 0.444629 0.896503 0.149347 0.908205 0.448176 0.896503 0.894707 0.619225 0.195911 0.908205 
					</float_array>
					<technique_common>
						<accessor count="20" offset="0" source="#meshId21-tex0-array" stride="2">
							<param name="S" type="float" />
							<param name="T" type="float" />
						</accessor>
					</technique_common>
				</source>
				<vertices id="meshId21-vertices">
					<input semantic="POSITION" source="#meshId21-positions" />
				</vertices>
				<polylist count="10" material="defaultMaterial">
					<input offset="0" semantic="VERTEX" source="#meshId21-vertices" />
					<input offset="0" semantic="NORMAL" source="#meshId21-normals" />
					<input offset="0" semantic="TANGENT" source="#meshId21-tangents" />
					<input offset="0" semantic="BINORMAL" source="#meshId21-bitangents" />
					<input offset="0" semantic="TEXCOORD" source="#meshId21-tex0" set="0" />
					<vcount>
						3 3 3 3 3 3 3 3 3 3 
					</vcount>
					<p>
						0 1 2 3 4 5 6 7 8 9 10 11 12 13 14 0 15 1 3 16 4 6 17 7 9 18 10 12 19 13 
					</p>
				</polylist>
			</mesh>
		</geometry>
		<geometry id="meshId22" name="meshId22_name" >
			<mesh>
				<source id="meshId22-positions" name="meshId22-positions">
					<float_array id="meshId22-positions-array" count="60"> 
						19.770760 0.515778 3.564091 19.770760 -0.515780 -5.040131 19.770760 -0.515780 3.564091 22.448635 0.515778 3.564091 19.770760 -0.515780 3.564091 22.448635 -0.515780 3.564091 22.448639 0.515778 -5.040131 22.448635 -0.515780 3.564091 22.448639 -0.515780 -5.040131 19.770760 0.515778 -5.040131 22.448635 0.515778 3.564091 22.448639 0.515778 -5.040131 19.770760 0.515778 -5.040131 22.448639 -0.515780 -5.040131 19.770760 -0.515780 -5.040131 19.770760 0.515778 -5.040131 19.770760 0.515778 3.564091 22.448635 0.515778 3.564091 19.770760 0.515778 3.564091 22.448639 0.515778 -5.040131 
					</float_array>
					<technique_common>
						<accessor count="20" offset="0" source="#meshId22-positions-array" stride="3">
							<param name="X" type="float" />
							<param name="Y" type="float" />
							<param name="Z" type="float" />
						</accessor>
					</technique_common>
				</source>
				<source id="meshId22-normals" name="meshId22-normals">
					<float_array id="meshId22-normals-array" count="60"> 
						-1.000000 0.000000 0.000000 -1.000000 0.000000 0.000000 -1.000000 0.000000 0.000000 0.000000 0.000000 1.000000 0.000000 0.000000 1.000000 0.000000 0.000000 1.000000 1.000000 0.000000 0.000000 1.000000 0.000000 0.000000 1.000000 0.000000 0.000000 0.000000 1.000000 0.000000 0.000000 1.000000 0.000000 0.000000 1.000000 0.000000 0.000000 0.000000 -1.000000 0.000000 0.000000 -1.000000 0.000000 0.000000 -1.000000 -1.000000 0.000000 0.000000 0.000000 0.000000 1.000000 1.000000 0.000000 0.000000 0.000000 1.000000 0.000000 0.000000 0.000000 -1.000000 
					</float_array>
					<technique_common>
						<accessor count="20" offset="0" source="#meshId22-normals-array" stride="3">
							<param name="X" type="float" />
							<param name="Y" type="float" />
							<param name="Z" type="float" />
						</accessor>
					</technique_common>
				</source>
				<source id="meshId22-tangents" name="meshId22-tangents">
					<float_array id="meshId22-tangents-array" count="60"> 
						0.000000 -1.000000 0.000000 0.000000 -1.000000 0.000000 0.000000 -1.000000 0.000000 0.000000 -1.000000 0.000000 0.000000 -1.000000 0.000000 0.000000 -1.000000 0.000000 0.000000 -1.000000 0.000000 0.000000 -1.000000 0.000000 0.000000 -1.000000 0.000000 0.000000 0.000000 -1.000000 -0.000000 0.000000 -1.000000 0.000000 0.000000 -1.000000 0.000000 -1.000000 0.000000 0.000000 -1.000000 0.000000 0.000000 -1.000000 0.000000 0.000000 -1.000000 0.000000 0.000000 -1.000000 0.000000 0.000000 -1.000000 0.000000 -0.000000 0.000000 -1.000000 0.000000 -1.000000 0.000000 
					</float_array>
					<technique_common>
						<accessor count="20" offset="0" source="#meshId22-tangents-array" stride="3">
							<param name="X" type="float" />
							<param name="Y" type="float" />
							<param name="Z" type="float" />
						</accessor>
					</technique_common>
				</source>
				<source id="meshId22-bitangents" name="meshId22-bitangents">
					<float_array id="meshId22-bitangents-array" count="60"> 
						0.000000 0.000000 1.000000 0.000000 0.000000 1.000000 0.000000 0.000000 1.000000 1.000000 0.000000 0.000000 1.000000 0.000000 0.000000 1.000000 0.000000 0.000000 -0.000000 0.000000 -1.000000 -0.000000 0.000000 -1.000000 0.000000 0.000000 -1.000000 -1.000000 0.000000 -0.000000 -1.000000 0.000000 0.000000 -1.000000 0.000000 -0.000000 -1.000000 -0.000000 0.000000 -1.000000 -0.000000 0.000000 -1.000000 -0.000000 0.000000 0.000000 0.000000 1.000000 1.000000 0.000000 0.000000 0.000000 0.000000 -1.000000 -1.000000 0.000000 0.000000 -1.000000 -0.000000 0.000000 
					</float_array>
					<technique_common>
						<accessor count="20" offset="0" source="#meshId22-bitangents-array" stride="3">
							<param name="X" type="float" />
							<param name="Y" type="float" />
							<param name="Z" type="float" />
						</accessor>
					</technique_common>
				</source>
				<source id="meshId22-tex0" name="meshId22-tex0">
					<float_array id="meshId22-tex0-array" count="40"> 
						0.437536 0.917198 0.440018 0.896503 0.440018 0.917198 0.530239 0.926258 0.536271 0.910600 0.536271 0.926258 0.441083 0.917198 0.443564 0.896503 0.443564 0.917198 0.537925 0.068914 0.459330 0.044453 0.537925 0.044453 0.199052 0.548781 0.205084 0.533124 0.205084 0.548781 0.437536 0.896503 0.530239 0.910600 0.441083 0.896503 0.459330 0.068914 0.199052 0.533124 
					</float_array>
					<technique_common>
						<accessor count="20" offset="0" source="#meshId22-tex0-array" stride="2">
							<param name="S" type="float" />
							<param name="T" type="float" />
						</accessor>
					</technique_common>
				</source>
				<vertices id="meshId22-vertices">
					<input semantic="POSITION" source="#meshId22-positions" />
				</vertices>
				<polylist count="10" material="defaultMaterial">
					<input offset="0" semantic="VERTEX" source="#meshId22-vertices" />
					<input offset="0" semantic="NORMAL" source="#meshId22-normals" />
					<input offset="0" semantic="TANGENT" source="#meshId22-tangents" />
					<input offset="0" semantic="BINORMAL" source="#meshId22-bitangents" />
					<input offset="0" semantic="TEXCOORD" source="#meshId22-tex0" set="0" />
					<vcount>
						3 3 3 3 3 3 3 3 3 3 
					</vcount>
					<p>
						0 1 2 3 4 5 6 7 8 9 10 11 12 13 14 0 15 1 3 16 4 6 17 7 9 18 10 12 19 13 
					</p>
				</polylist>
			</mesh>
		</geometry>
		<geometry id="meshId23" name="meshId23_name" >
			<mesh>
				<source id="meshId23-positions" name="meshId23-positions">
					<float_array id="meshId23-positions-array" count="60"> 
						10.516724 0.515778 2.307556 10.516720 -0.515780 -3.497250 10.516724 -0.515780 2.307556 13.732948 0.515778 2.307556 10.516724 -0.515780 2.307556 13.732948 -0.515780 2.307556 13.732948 0.515778 -3.497250 13.732948 -0.515780 2.307556 13.732948 -0.515780 -3.497250 10.516720 0.515778 -3.497250 13.732948 0.515778 2.307556 13.732948 0.515778 -3.497250 10.516720 0.515778 -3.497250 13.732948 -0.515780 -3.497250 10.516720 -0.515780 -3.497250 10.516720 0.515778 -3.497250 10.516724 0.515778 2.307556 13.732948 0.515778 2.307556 10.516724 0.515778 2.307556 13.732948 0.515778 -3.497250 
					</float_array>
					<technique_common>
						<accessor count="20" offset="0" source="#meshId23-positions-array" stride="3">
							<param name="X" type="float" />
							<param name="Y" type="float" />
							<param name="Z" type="float" />
						</accessor>
					</technique_common>
				</source>
				<source id="meshId23-normals" name="meshId23-normals">
					<float_array id="meshId23-normals-array" count="60"> 
						-1.000000 0.000000 0.000000 -1.000000 0.000000 0.000000 -1.000000 0.000000 0.000000 0.000000 0.000000 1.000000 0.000000 0.000000 1.000000 0.000000 0.000000 1.000000 1.000000 0.000000 0.000000 1.000000 0.000000 0.000000 1.000000 0.000000 0.000000 0.000000 1.000000 0.000000 0.000000 1.000000 0.000000 0.000000 1.000000 0.000000 0.000000 0.000000 -1.000000 0.000000 0.000000 -1.000000 0.000000 0.000000 -1.000000 -1.000000 0.000000 0.000000 0.000000 0.000000 1.000000 1.000000 0.000000 0.000000 0.000000 1.000000 0.000000 0.000000 0.000000 -1.000000 
					</float_array>
					<technique_common>
						<accessor count="20" offset="0" source="#meshId23-normals-array" stride="3">
							<param name="X" type="float" />
							<param name="Y" type="float" />
							<param name="Z" type="float" />
						</accessor>
					</technique_common>
				</source>
				<source id="meshId23-tangents" name="meshId23-tangents">
					<float_array id="meshId23-tangents-array" count="60"> 
						0.000000 -1.000000 0.000000 0.000000 -1.000000 0.000000 0.000000 -1.000000 0.000000 0.000000 -1.000000 0.000000 0.000000 -1.000000 0.000000 0.000000 -1.000000 0.000000 0.000000 -1.000000 0.000000 0.000000 -1.000000 0.000000 0.000000 -1.000000 0.000000 -1.000000 0.000000 -0.000000 -1.000000 0.000000 0.000000 -1.000000 0.000000 -0.000001 0.000000 -1.000000 0.000000 0.000000 -1.000000 0.000000 0.000000 -1.000000 0.000000 0.000000 -1.000000 0.000000 0.000000 -1.000000 0.000000 0.000000 -1.000000 0.000000 -1.000000 0.000000 0.000001 0.000000 -1.000000 0.000000 
					</float_array>
					<technique_common>
						<accessor count="20" offset="0" source="#meshId23-tangents-array" stride="3">
							<param name="X" type="float" />
							<param name="Y" type="float" />
							<param name="Z" type="float" />
						</accessor>
					</technique_common>
				</source>
				<source id="meshId23-bitangents" name="meshId23-bitangents">
					<float_array id="meshId23-bitangents-array" count="60"> 
						0.000000 0.000000 1.000000 0.000000 0.000000 1.000000 0.000000 0.000000 1.000000 1.000000 0.000000 0.000000 1.000000 0.000000 0.000000 1.000000 0.000000 0.000000 0.000000 0.000000 -1.000000 0.000000 0.000000 -1.000000 0.000000 0.000000 -1.000000 -0.000000 0.000000 1.000000 0.000000 0.000000 1.000000 -0.000001 0.000000 1.000000 -1.000000 -0.000000 0.000000 -1.000000 -0.000000 0.000000 -1.000000 -0.000000 0.000000 0.000000 0.000000 1.000000 1.000000 0.000000 0.000000 0.000000 0.000000 -1.000000 0.000001 0.000000 1.000000 -1.000000 -0.000000 0.000000 
					</float_array>
					<technique_common>
						<accessor count="20" offset="0" source="#meshId23-bitangents-array" stride="3">
							<param name="X" type="float" />
							<param name="Y" type="float" />
							<param name="Z" type="float" />
						</accessor>
					</technique_common>
				</source>
				<source id="meshId23-tex0" name="meshId23-tex0">
					<float_array id="meshId23-tex0-array" count="40"> 
						0.465908 0.910465 0.468390 0.896503 0.468390 0.910465 0.467788 0.154066 0.473819 0.135260 0.473819 0.154066 0.469455 0.910465 0.471936 0.896503 0.471936 0.910465 0.988473 0.735504 0.959095 0.788529 0.959095 0.735504 0.481957 0.154066 0.487989 0.135260 0.487989 0.154066 0.465908 0.896503 0.467788 0.135260 0.469455 0.896503 0.988473 0.788529 0.481957 0.135260 
					</float_array>
					<technique_common>
						<accessor count="20" offset="0" source="#meshId23-tex0-array" stride="2">
							<param name="S" type="float" />
							<param name="T" type="float" />
						</accessor>
					</technique_common>
				</source>
				<vertices id="meshId23-vertices">
					<input semantic="POSITION" source="#meshId23-positions" />
				</vertices>
				<polylist count="10" material="defaultMaterial">
					<input offset="0" semantic="VERTEX" source="#meshId23-vertices" />
					<input offset="0" semantic="NORMAL" source="#meshId23-normals" />
					<input offset="0" semantic="TANGENT" source="#meshId23-tangents" />
					<input offset="0" semantic="BINORMAL" source="#meshId23-bitangents" />
					<input offset="0" semantic="TEXCOORD" source="#meshId23-tex0" set="0" />
					<vcount>
						3 3 3 3 3 3 3 3 3 3 
					</vcount>
					<p>
						0 1 2 3 4 5 6 7 8 9 10 11 12 13 14 0 15 1 3 16 4 6 17 7 9 18 10 12 19 13 
					</p>
				</polylist>
			</mesh>
		</geometry>
		<geometry id="meshId24" name="meshId24_name" >
			<mesh>
				<source id="meshId24-positions" name="meshId24-positions">
					<float_array id="meshId24-positions-array" count="3468"> 
						-61.676849 1.630136 50.326664 -65.925537 0.924931 50.326664 -61.676849 0.924931 50.326664 -65.925537 -40.755768 50.326664 -61.676849 -40.755768 50.326664 52.342514 1.630136 -61.222755 48.559475 0.924931 -61.222755 48.559475 1.630136 -61.222755 -65.925537 -62.349609 50.326664 -61.676849 -62.349609 50.326664 52.342514 0.924931 -61.222755 48.559475 -51.935581 -61.222755 -65.925537 -63.863876 50.326664 -61.676849 -63.863876 50.326664 52.342514 -51.935581 -61.222755 48.559475 -51.935581 -16.780590 48.559475 -51.935581 -61.222755 52.342514 -51.935581 -16.780590 48.559475 -62.349609 -16.780590 48.559475 -51.935581 -16.780590 -65.925537 -62.349609 -61.222755 -61.676849 -62.349609 -16.780590 -61.676849 -62.349609 -61.222755 52.342514 -62.349609 -61.222755 52.342514 -51.935581 -16.780590 52.342514 -51.935581 -61.222755 -65.925537 -51.935581 -61.222755 -65.925537 -62.349609 -16.780590 -65.925537 -62.349609 -61.222755 52.342514 -62.349609 -61.222755 48.559475 -72.813126 -120.296516 48.559475 -62.349609 -61.222755 52.342514 -74.327400 -120.296516 52.342514 -72.813126 -120.663155 52.342514 -72.813126 -120.296516 -65.925537 -63.863876 -61.222755 -61.676849 -74.327400 -120.296516 -61.676849 -63.863876 -61.222755 52.342514 -63.863876 -61.222755 52.342514 -62.349609 -61.222755 -65.925537 -63.863876 -61.222755 -65.925537 -72.813126 -120.296516 -65.925537 -74.327400 -120.296516 52.342514 -72.813126 -120.663155 48.559475 -74.327400 -120.663155 48.559475 -72.813126 -120.663155 52.342514 -71.830658 -120.296516 -65.925537 -74.327400 -120.296516 -61.676849 -74.327400 -120.663155 -65.925537 -74.327400 -120.663155 52.342514 -71.830658 -120.296516 48.559475 -71.830658 -120.663155 48.559475 -71.830658 -120.296516 52.342514 -72.813126 -120.296516 48.559475 -71.830658 -120.296516 48.559475 -72.813126 -120.296516 -65.925537 -71.830658 -120.663155 -65.925537 -72.813126 -120.663155 -65.925537 -72.813126 -120.663155 -61.676849 -71.830658 -120.663155 -61.676849 -72.813126 -120.663155 68.081139 -62.349609 43.626003 68.081139 -63.863876 46.861031 68.081139 -63.863876 43.626003 
						68.081139 -40.755768 43.626003 68.081139 -62.349609 46.861031 68.081139 0.924931 43.626003 68.081139 -40.755768 46.861031 68.081139 1.630136 43.626003 68.081139 0.924931 46.861031 52.342514 -68.593636 43.626003 48.559475 -68.593636 46.861031 48.559475 -68.593636 43.626003 -80.002632 1.630136 46.861027 -80.002632 0.924931 43.626003 -80.002632 0.924931 46.861027 -80.002632 -40.755764 43.626003 -80.002632 -40.755764 46.861027 -80.002632 -62.349609 43.626003 -80.002632 -62.349609 46.861027 -80.002632 -63.863876 43.626003 -80.002632 -63.863876 46.861027 48.559475 6.296259 14.035913 52.342514 6.296259 43.626003 52.342514 6.296259 -3.197700 -61.676849 6.296259 14.035913 48.559475 6.296259 43.626003 -61.676849 -68.593636 43.626003 -65.925537 -68.593636 46.861031 -65.925537 -68.593636 43.626003 -61.676849 -68.593636 46.861031 52.342514 -71.830658 -120.663155 48.559475 -71.830658 -120.663155 -61.676849 -72.813126 -120.296516 -65.925537 -71.830658 -120.296516 -65.925537 -72.813126 -120.296516 -61.676849 -71.830658 -120.296516 -61.676849 -71.830658 -120.296516 -65.925537 -71.830658 -120.663155 -65.925537 -71.830658 -120.296516 -61.676849 -71.830658 -120.663155 48.559475 -74.327400 -120.296516 52.342514 -74.327400 -120.663155 52.342514 -74.327400 -120.296516 48.559475 -74.327400 -120.663155 -65.925537 -74.327400 -120.663155 -61.676849 -74.327400 -120.663155 48.559475 -63.863876 -61.222755 52.342514 -63.863876 -61.222755 -65.925537 -72.813126 -120.296516 -61.676849 -72.813126 -120.296516 52.342514 -62.349609 -16.780590 48.559475 -62.349609 -16.780590 -61.676849 -51.935581 -16.780590 -65.925537 -62.349609 -16.780590 -65.925537 -51.935581 -16.780590 -61.676849 -62.349609 -16.780590 -61.676849 -51.935581 -61.222755 -65.925537 -51.935581 -16.780590 -65.925537 -51.935581 -61.222755 -61.676849 -51.935581 -16.780590 52.342514 -62.349609 50.326664 48.559475 -63.863876 50.326664 52.342514 -63.863876 50.326664 48.559475 -62.349609 50.326664 -61.676849 0.924931 -61.222755 -65.925537 -51.935581 -61.222755 -65.925537 0.924931 -61.222755 
						-61.676849 -51.935581 -61.222755 52.342514 -40.755768 50.326664 48.559475 -40.755768 50.326664 -61.676849 1.630136 -61.222755 -65.925537 1.630136 -61.222755 52.342514 0.924931 50.326664 48.559475 0.924931 50.326664 52.342514 1.630136 50.326664 48.559475 1.630136 50.326664 -61.676849 7.373722 -61.222755 -79.891838 -68.482826 49.201187 -79.454163 -68.215324 49.778191 -80.002632 -68.215324 48.454060 -79.624336 -68.593636 49.948360 -79.526978 -68.433746 49.851002 -79.891838 -68.482826 49.201187 -79.454163 -68.215324 49.778191 -78.877159 -68.482826 50.215866 -78.130028 -68.215324 50.326664 -80.002632 25.040621 48.454060 -79.207207 26.132710 49.531242 -79.448624 26.378124 48.444603 -78.130028 25.040621 50.326664 -79.207207 26.132710 49.531242 -79.454163 25.040621 49.778191 -78.111115 26.932137 48.435150 -79.207207 26.132710 49.531242 -78.120575 26.378124 49.772652 -80.002632 -68.215324 -60.844452 -79.842758 -68.433746 -61.062866 -79.891838 -68.482834 -60.844452 -79.624336 -68.215324 -61.222755 -79.842758 -68.433746 -61.062866 -79.891838 -68.215324 -61.111950 -79.624336 -68.593636 -60.844452 -79.842758 -68.433746 -61.062866 -79.624344 -68.482834 -61.111950 -80.002632 25.040621 -60.844452 -79.522995 26.132710 -60.743088 -79.891838 25.040621 -61.111958 -78.867729 26.378122 -60.668736 -79.448624 26.378124 -60.087833 -78.111115 26.932137 -59.331234 -79.624336 25.040621 -61.222755 -79.522995 26.132710 -60.743088 -78.867729 26.378122 -60.668736 68.081139 25.607616 49.546249 67.641602 26.251736 49.762035 67.859497 25.320074 50.098343 67.041145 26.378124 49.772652 67.693199 26.544193 48.990704 66.756615 26.932137 48.435150 67.325661 25.040621 50.326664 67.641602 26.251736 49.762035 67.041145 26.378124 49.772652 67.527122 -68.215324 -60.668736 66.946198 -68.482826 -61.111958 66.189621 -68.215324 -61.222755 67.970345 -68.482826 -60.087818 67.527122 -68.215324 -60.668736 68.081139 -68.215324 -59.331234 67.702835 -68.593636 -60.844452 67.601486 -68.433746 -60.743088 67.970345 -68.482826 -60.087818 
						66.189621 25.708469 -61.222755 67.281715 26.273840 -60.695137 67.527122 25.374542 -60.668736 66.189621 26.932137 -60.617462 67.281715 26.273840 -60.695137 66.189621 26.582609 -61.038895 67.527122 25.374542 -60.668736 67.527122 26.378124 -59.974350 68.081139 25.040621 -59.331234 -65.925537 25.040621 50.326664 -65.925529 26.594439 49.513798 -66.871292 26.378124 49.772652 -65.925537 26.932137 48.435150 -64.979782 26.378124 49.772652 -64.034019 26.932137 48.435150 -66.871292 26.378124 49.772652 -67.817055 26.932137 48.435150 52.342514 -68.215324 50.326664 52.342514 -68.482826 50.215866 52.720818 -68.593636 50.326664 52.342514 -68.482826 50.215866 52.342514 -68.593636 49.948360 52.720818 -68.593636 50.326664 52.030727 26.932137 48.435150 52.976486 26.378124 49.772652 53.610451 26.932137 48.435150 51.396755 26.378124 49.772652 50.450996 26.932137 48.435150 52.976486 26.378124 49.772652 51.396755 26.378124 49.772652 52.342514 25.040621 50.326664 -79.891838 -68.482826 -29.741768 -80.002632 -68.215324 -28.606831 -80.002632 -68.215324 -30.498348 -79.624336 -68.593636 -28.985134 -79.891830 -68.482834 -28.606831 -79.891838 -68.482826 -29.741768 -79.624336 -68.593636 -28.228525 -79.624336 -68.593636 -28.606831 -79.891838 -68.482826 -27.471897 -80.002632 -68.215324 -26.715313 -80.002632 25.040621 -30.498348 -79.448624 26.378117 -28.606827 -79.448624 26.378124 -30.498348 -80.002632 25.040621 -26.715313 -80.002632 25.040621 -28.606831 -78.111115 26.932137 -28.606831 -79.448624 26.378124 -26.715313 -78.111115 26.932137 -26.715313 -79.448624 26.378124 -30.498348 -78.111115 26.932137 -30.498348 68.081139 -68.215324 -28.606831 67.970345 -68.482826 -28.985134 68.081139 -68.215324 -28.985134 67.970345 -68.482826 -28.228525 68.081139 -68.215324 -28.228525 67.702835 -68.593636 -28.228525 67.970329 -68.482834 -28.606831 67.970345 -68.482826 -28.228525 67.702835 -68.593636 -28.985134 67.702835 -68.593636 -28.606831 68.081139 25.040621 -28.985134 67.527122 26.378122 -28.606833 68.081139 25.040621 -28.606831 
						66.189621 26.932137 -28.606831 67.527122 26.378124 -29.741741 66.189621 26.932137 -30.498348 67.527122 26.378124 -27.471918 66.189621 26.932137 -26.715313 68.081139 25.040621 -28.228525 67.527122 26.378124 -27.471918 -66.479553 26.378124 -30.498348 -65.371521 25.040621 -29.160843 -65.925537 25.040621 -30.498348 -67.817055 26.932137 -28.606831 -66.479553 26.378124 -30.498348 -67.817055 26.932137 -30.498348 -65.925537 26.932137 -26.715313 -67.817055 26.932137 -26.715313 -64.034019 26.378124 -28.052816 -64.034019 26.932137 -26.715313 -65.371521 25.040621 -29.160843 -64.034019 26.378124 -28.052816 -64.034019 25.040621 -28.606831 51.788502 25.349812 -29.160849 52.887798 26.550453 -30.498348 52.342514 25.658998 -30.498348 50.450996 26.378124 -28.052816 51.788502 25.349812 -29.160849 50.450996 25.040621 -28.606831 52.342514 26.932137 -26.715313 50.450996 26.378124 -28.052816 50.450996 26.932137 -26.715313 54.234032 26.932137 -28.606831 54.234032 26.932137 -26.715313 52.887798 26.550453 -30.498348 54.234032 26.932137 -30.498348 -79.624336 -68.593636 -5.089219 -79.891838 -68.482834 -3.197700 -79.891838 -68.482826 -5.089219 -79.624336 -68.593636 -1.306181 -79.624336 -68.593636 -3.197700 -80.002632 -68.215324 -3.197700 -79.891838 -68.482826 -1.306181 -80.002632 -68.215324 -1.306181 -79.891838 -68.482826 -5.089219 -80.002632 -68.215324 -5.089219 67.527122 26.378124 -5.089220 68.081139 25.268074 -3.197700 68.081139 25.040621 -5.089219 66.417076 26.932137 -3.197700 67.527122 26.378124 -5.089220 66.189621 26.932137 -5.089219 66.644524 26.932137 -1.306181 67.527115 26.378132 -3.197700 68.081139 25.495527 -1.306182 67.527115 26.378132 -3.197700 67.660347 26.511366 -1.306182 -79.448624 26.378124 -5.089219 -78.111115 26.932137 -3.197700 -78.111115 26.932137 -5.089219 -80.002632 25.040621 -3.197700 -79.448624 26.378124 -5.089219 -80.002632 25.040621 -5.089219 -80.002632 25.040621 -1.306181 -79.448624 26.378124 -3.197700 -78.111115 26.932137 -1.306181 -79.448624 26.378124 -3.197700 
						-79.448624 26.378124 -1.306181 67.702835 -68.593636 -5.089219 67.965202 -68.487869 -3.197700 67.668434 -68.593636 -3.197700 68.081139 -68.215324 -3.197700 67.970345 -68.482826 -5.089219 68.081139 -68.215324 -5.089219 68.081139 -68.215324 -1.306181 67.965202 -68.487869 -3.197700 67.951073 -68.481705 -1.306182 67.634026 -68.593636 -1.306182 -65.602234 27.065296 46.862732 -66.146988 26.932137 46.971813 -64.790634 26.932137 46.861031 -65.925537 27.310442 46.762287 -66.120056 26.979641 46.840889 -65.602234 27.065296 46.862732 -66.303841 26.932137 46.482727 -66.120056 26.979641 46.840889 -66.036346 27.042938 46.622505 -66.146988 26.932137 46.971813 -67.060455 26.932137 46.861031 -67.817055 26.932137 47.239338 52.697578 27.112703 47.044212 52.396557 26.932137 46.861031 53.585510 26.932137 46.861031 52.342514 27.526617 47.148178 52.365353 27.052668 46.966015 52.697578 27.112703 47.044212 52.018089 27.210260 47.122650 51.207600 26.932137 46.861031 -78.111115 26.932137 47.239338 -79.189774 26.594431 46.861027 -79.448624 26.378124 47.050179 -78.111115 26.932137 46.482723 -78.111115 26.932137 46.861027 -79.448624 26.378124 47.050179 -79.448624 26.378124 46.671875 -80.002632 25.040621 46.861027 -79.448624 26.378124 43.815151 -79.448624 26.378124 43.436848 -80.002632 25.040621 43.626003 -78.111115 26.932137 44.004307 -79.189774 26.594431 43.626007 -79.448624 26.378124 43.815151 -78.111115 26.932137 43.247696 -78.111115 26.932137 43.626003 -65.925537 27.350742 44.182999 -66.036346 27.042938 44.539825 -65.925537 27.310442 45.075367 -65.925537 27.447075 43.771156 -65.925545 27.031677 43.806103 -65.814728 26.932137 43.515198 -65.814728 27.151308 43.630226 -65.547241 26.932137 43.626003 -66.036125 26.932137 43.625446 -65.814728 26.932137 43.515198 -65.925537 26.932137 43.247696 -66.303841 26.932137 44.004307 -65.925545 27.031677 43.806103 52.342514 27.229378 44.543625 52.342514 27.487494 44.165653 52.342514 27.526617 45.461254 52.342514 26.932137 43.626003 
						52.342518 27.206568 44.022572 52.342514 27.229378 44.543625 52.342514 27.394245 43.676857 52.342518 27.206568 44.022572 52.342514 27.163191 43.651428 -65.631302 69.689133 119.783836 -65.814728 69.438698 120.024605 -65.547241 69.549500 120.248451 -65.863983 69.922813 119.422333 -65.631302 69.689133 119.783836 -65.715378 70.026230 119.434944 -65.925537 69.776840 119.333763 -65.839912 69.589767 119.706696 -65.863983 69.922813 119.422333 -65.814728 69.438698 120.024605 -65.925537 69.347366 119.612152 -65.925537 69.171196 119.800751 -65.547241 69.549500 122.558731 -65.765648 69.410416 122.416191 -65.547241 69.489975 122.712601 -65.814728 69.185661 122.060814 -65.814728 69.438698 122.023216 -65.925537 69.171196 121.487679 -65.547241 69.336815 122.557381 -65.765648 69.410416 122.416191 -65.814728 69.185661 122.060814 52.342514 69.313065 120.054001 52.273712 69.615219 119.736710 52.273266 69.480247 120.161743 52.342514 69.763985 119.310837 52.342514 69.445053 119.633324 52.106075 69.694504 119.786995 52.273266 69.928207 119.410484 52.106075 70.044571 119.424675 52.273266 69.480247 120.161743 52.106075 69.694504 119.786995 52.106075 69.549500 120.269470 52.273266 69.480247 122.055244 52.231705 69.253174 122.181335 52.342514 69.313065 121.740921 52.106075 69.549500 122.369583 52.203327 69.438957 122.438057 52.273266 69.480247 122.055244 51.964211 69.329979 122.545166 52.203327 69.438957 122.438057 51.986767 69.475479 122.655487 48.559479 26.932137 48.435150 49.505234 26.378124 49.772652 50.450996 26.932137 48.435150 47.613716 26.378124 49.772652 46.667961 26.932137 48.435150 48.559475 25.040621 50.326664 48.559475 26.594437 49.513805 47.613716 26.378124 49.772652 -62.622608 26.378124 49.772652 -61.676849 26.932137 48.435150 -63.568367 26.932137 48.435150 -61.676849 25.040621 50.326664 -61.676849 26.594437 49.513805 -62.622608 26.378124 49.772652 -60.731087 26.378124 49.772652 -59.785328 26.932137 48.435150 -63.568367 26.932137 46.861031 -61.676849 26.932137 46.861031 
						-61.676849 27.856585 48.511257 -59.785328 26.932137 46.861031 46.667961 26.932137 46.861031 48.559479 26.932137 46.861031 48.559475 27.856585 48.511257 50.450996 26.932137 46.861031 -52.300282 26.529932 43.590500 -51.537636 26.603834 43.723572 -52.200401 25.616362 43.626003 -52.823055 27.064592 43.678543 -52.300282 26.529932 43.590500 -53.471180 26.932137 43.626003 -51.920761 27.158611 43.932747 -51.922119 26.841818 43.710136 -52.823055 27.064592 43.678543 -51.537636 26.603834 43.723572 -51.544472 27.129215 43.949238 -51.166931 27.117029 43.956047 38.668678 27.115793 43.924599 38.655933 26.603796 43.723579 38.290359 27.117029 43.956047 39.045696 27.132187 43.883221 39.036770 26.837378 43.702484 39.418346 26.530415 43.584431 39.891365 27.052612 43.666553 40.584389 26.932137 43.626003 38.655933 26.603796 43.723579 39.418346 26.530415 43.584431 39.309586 25.616158 43.626003 -61.725605 69.549500 122.558731 -60.811100 69.511337 122.706337 -60.232685 69.549500 122.558731 -61.676849 69.335716 122.555412 -60.811100 69.511337 122.706337 -61.712570 69.489922 122.711845 -59.553844 69.487816 122.713676 -58.739765 69.549500 122.558731 47.326275 69.549500 122.369583 47.606522 69.503647 122.636429 48.408920 69.465622 122.656464 46.784279 69.487747 122.711105 46.754253 69.549500 122.464149 46.182236 69.549500 122.558731 48.559475 69.332283 122.549286 47.606522 69.503647 122.636429 46.784279 69.487747 122.711105 -54.757271 69.689133 119.783836 -53.892452 69.856506 119.405205 -56.608463 70.026230 119.434944 -52.906063 69.549500 120.248451 -50.732193 69.573418 119.695625 -54.757271 69.689133 119.783836 -49.278328 69.549500 120.080307 -51.092190 69.549500 120.164391 -49.336075 69.376213 119.369179 -49.118336 69.495361 119.716148 -48.958328 69.364609 119.371964 -49.712982 69.401947 119.358459 40.987511 69.865601 119.392136 41.627972 69.694504 119.786995 43.946934 70.044571 119.424675 36.597343 69.390343 119.337753 37.680534 69.574409 119.694405 40.987511 69.865601 119.392136 
						36.281395 69.495361 119.716148 36.220081 69.370407 119.358833 35.841980 69.364609 119.371964 36.720798 69.549500 120.080307 39.309082 69.549500 120.269470 38.014942 69.549500 120.174889 52.072296 27.723326 43.182781 52.204792 27.975492 43.186020 52.263374 27.762009 43.251831 52.231705 28.102482 43.312279 52.014744 28.004389 43.135849 51.964211 28.212864 43.282608 52.342514 27.855389 43.418530 52.204792 27.975492 43.186020 52.231705 28.102482 43.312279 52.273266 70.224342 119.244583 52.025177 70.468033 119.047714 52.106075 70.175674 119.351234 52.342514 70.225136 119.052521 52.210678 70.429802 119.052704 52.273266 70.224342 119.244583 52.025177 70.468033 119.047714 52.231705 70.416512 118.846794 51.964211 70.471184 118.717674 -65.925537 70.237984 119.075432 -65.798737 70.438820 119.059731 -65.814728 70.428688 118.868523 -65.715378 70.194016 119.340958 -65.798737 70.438820 119.059731 -65.863983 70.237274 119.246162 -65.814728 70.428688 118.868523 -65.618790 70.476807 119.050735 -65.547241 70.482681 118.738213 -65.925537 27.908215 43.512825 -65.765648 27.992022 43.215530 -65.814743 27.777475 43.279449 -65.547241 28.238264 43.327938 -65.765648 27.992022 43.215530 -65.814743 28.141592 43.382088 -65.547241 27.723326 43.182781 -65.765648 27.992022 43.215530 -65.547241 28.010857 43.148712 -79.624336 -68.593636 46.861031 -79.891838 -68.482826 49.201187 -79.891838 -68.482826 46.861031 -79.891838 -68.482826 46.861031 -80.002632 -68.215324 48.454060 -80.002632 -68.215324 46.861031 -79.454163 1.630136 49.778191 -78.130028 1.630136 50.326664 -79.454163 25.040621 49.778191 -80.002632 1.630136 48.454060 -79.454163 1.630136 49.778191 -79.448624 26.378124 -60.087833 -79.891838 -63.863876 -61.111958 -79.624336 -63.863876 -61.222755 -79.891838 -68.215324 -61.111950 -80.002632 -63.863876 -60.844452 -79.891838 -63.863876 -61.111958 -65.925537 -68.482826 -61.111958 -65.925537 -68.593636 -60.844452 -65.925537 -68.482826 -61.111958 -65.925537 -68.215324 -61.222755 54.234032 26.932137 -60.617462 
						52.896519 26.566490 -61.045471 52.896519 26.566490 -61.045471 52.342514 25.683735 -61.222755 68.081139 -68.215324 -59.331234 67.527122 -63.863876 -60.668736 68.081139 -63.863876 -59.331234 67.527122 -68.215324 -60.668736 66.189621 -63.863876 -61.222755 67.527122 -63.863876 -60.668736 67.970345 -68.482826 -60.087818 67.970345 -68.482826 -28.985134 67.682106 26.533110 46.861031 66.718773 26.932137 46.861031 67.693199 26.544193 48.990704 68.081139 25.569771 46.861031 67.682106 26.533110 46.861031 67.585449 -63.863876 50.326664 67.942543 -68.482826 50.167564 67.935951 -63.863876 50.165630 67.935951 -63.863876 50.165630 68.081139 -68.215324 49.783474 68.081139 -63.863876 49.776878 -61.676849 -68.482826 -61.111958 -61.676849 -68.593636 -60.844452 -61.676849 -68.215324 -61.222755 -61.676849 -68.482826 -61.111958 -67.817055 26.932137 -59.331234 -65.925537 25.040621 -61.222755 -65.925537 -68.593636 49.948360 -78.877159 -68.482826 50.215866 -79.624336 -68.593636 49.948360 -65.925537 -68.482826 50.215866 -78.130028 -68.215324 50.326664 -78.877159 -68.482826 50.215866 -64.979782 26.378124 49.772652 -64.790634 26.932137 46.861031 52.342514 -68.593636 49.948360 48.559475 -68.482826 50.215866 48.559475 -68.593636 49.948360 52.342514 -68.482826 50.215866 48.559475 -68.215324 50.326664 48.559475 -68.482826 50.215866 52.342514 -68.593636 -60.844452 66.946198 -68.482826 -61.111958 67.702835 -68.593636 -60.844452 52.342514 -68.482826 -61.111958 66.189621 -68.215324 -61.222755 66.946198 -68.482826 -61.111958 51.207600 26.932137 46.861031 52.396557 26.932137 46.861031 53.585510 26.932137 46.861031 -79.891838 -68.482834 -60.844452 -79.448624 26.378124 -26.715313 67.970345 -68.482826 -5.089219 67.527122 26.378124 -59.974350 67.527122 26.378124 -29.741741 -66.479553 26.378124 -60.668736 -66.479553 26.378124 -60.668736 -65.925537 25.040621 -61.222755 52.896519 26.566490 -61.045471 52.342514 25.683735 -61.222755 54.234032 26.932137 -60.617462 52.896519 26.566490 -61.045471 -65.925537 -68.593636 -28.228525 
						-61.676849 -68.593636 -28.606831 -61.676849 -68.593636 -28.228525 -65.925537 -68.593636 -28.606831 -61.676849 -68.593636 -28.985134 -65.925537 -68.593636 -28.985134 39.573677 26.378124 -28.052816 39.388260 26.932137 -26.715313 40.176258 25.040621 -28.606831 39.573677 26.378124 -28.052816 52.342514 -68.593636 -28.228525 52.342514 -68.593636 -28.606831 68.081139 -63.863876 -28.606831 68.081139 -63.863876 -28.228525 68.081139 -63.863876 -28.985134 -80.002632 -63.863876 -28.606831 -80.002632 -63.863876 -30.498348 -80.002632 -63.863876 -26.715313 50.450996 9.265241 -28.606831 48.296593 7.927735 -29.160843 47.661922 9.265241 -28.606831 51.788502 7.927735 -29.160843 48.559475 7.373722 -30.498348 48.296593 7.927735 -29.160843 51.788502 7.927735 -29.160843 51.788502 7.927735 -29.160843 52.342514 25.658998 -30.498348 52.342514 7.373722 -30.498348 -64.034019 9.265241 -28.606831 -65.371521 7.927735 -29.160843 -79.454163 0.924931 49.778191 -78.130028 0.924931 50.326664 -80.002632 0.924931 48.454060 -79.454163 0.924931 49.778191 -79.624336 1.630136 -61.222755 -79.891838 25.040621 -61.111958 -79.891838 1.630136 -61.111958 67.527122 1.630136 -60.668736 66.189621 1.630136 -61.222755 67.873177 1.630136 50.111099 67.859497 25.320074 50.098343 68.081139 1.630136 49.590694 68.081139 1.630136 -28.228525 68.081139 1.630136 -28.606831 -80.002632 1.630136 -30.498348 -80.002632 1.630136 -28.606831 -79.624336 0.924931 -61.222755 -79.891838 1.630136 -61.111958 -79.891838 0.924931 -61.111958 -80.002632 1.630136 -60.844452 68.081139 0.924931 -59.331234 68.081139 1.630136 -59.331234 67.527122 0.924931 -60.668736 67.527122 1.630136 -60.668736 67.450539 0.924931 50.326664 67.371109 1.630136 50.326664 67.873177 1.630136 50.111099 68.081139 0.924931 49.667049 68.081139 0.924931 -28.228525 68.081139 0.924931 -28.606831 68.081139 1.630136 -28.985134 -80.002632 0.924931 -30.498348 -80.002632 0.924931 -28.606831 -80.002632 1.630136 -26.715313 -79.454163 -40.755764 49.778191 
						-78.130028 -40.755764 50.326664 -80.002632 -40.755764 48.454060 -79.454163 -40.755764 49.778191 -79.891838 -40.843761 -61.111958 -79.891838 0.924931 -61.111958 -80.002632 -40.755768 -60.844452 -80.002632 0.924931 -60.844452 68.081139 -40.755768 -59.331234 67.527122 0.924931 -60.668736 67.527122 -41.149307 -60.668736 66.189621 0.924931 -61.222755 67.509773 -40.755768 50.326664 67.896431 0.924931 50.133469 67.896431 0.924931 50.133469 68.081139 -40.755768 49.720905 68.081139 -40.755768 -28.228525 68.081139 -40.755768 -28.606831 68.081139 0.924931 -28.985134 -80.002632 -40.755768 -30.498348 -80.002632 -40.755768 -28.606831 -80.002632 0.924931 -26.715313 -79.454163 -62.349609 49.778191 -78.130028 -62.349609 50.326664 -80.002632 -62.349609 48.454060 -79.454163 -62.349609 49.778191 -79.624336 -41.056213 -61.222755 -79.891838 -62.349609 -61.111958 -79.891838 -40.843761 -61.111958 -80.002632 -62.349609 -60.844452 68.081139 -62.349609 -59.331234 67.527122 -41.149307 -60.668736 67.527122 -62.349609 -60.668736 66.189621 -42.099396 -61.222755 67.553581 -62.349609 50.326664 67.913788 -40.755768 50.149239 67.913788 -40.755768 50.149239 68.081139 -62.349609 49.756565 68.081139 -62.349609 -28.228525 68.081139 -62.349609 -28.606831 68.081139 -40.755768 -28.985134 -80.002632 -62.349609 -30.498348 -80.002632 -62.349609 -28.606831 -80.002632 -40.755768 -26.715313 -79.454163 -63.863876 49.778191 -78.130028 -63.863876 50.326664 -80.002632 -63.863876 48.454060 -79.454163 -63.863876 49.778191 -79.624336 -62.349609 -61.222755 -79.891838 -62.349609 -61.111958 67.527122 -62.349609 -60.668736 66.189621 -62.349609 -61.222755 67.926620 -62.349609 50.159683 67.926620 -62.349609 50.159683 68.081139 -62.349609 -28.985134 -80.002632 -62.349609 -26.715313 -79.454163 -68.215324 49.778191 -79.454163 -68.215324 49.778191 -79.891838 -68.482826 -27.471897 -67.817055 26.932137 -5.089219 -66.479553 26.932137 -2.805954 52.342514 26.932137 -3.197700 54.234032 26.932137 -5.089219 -79.448624 26.378124 43.436848 67.949379 -68.482826 43.626003 
						67.631271 -68.593636 43.626003 67.951073 -68.481705 -1.306182 68.081139 -68.215324 43.626003 67.949379 -68.482826 43.626003 68.081139 -63.863876 -3.197700 68.081139 -63.863876 -1.306181 68.081139 -63.863876 -5.089219 -80.002632 -63.863876 -3.197700 -80.002632 -63.863876 -5.089219 -80.002632 -63.863876 -1.306181 -80.002632 -62.349609 -3.197700 -80.002632 -62.349609 -5.089219 -80.002632 -62.349609 -1.306181 68.081139 -62.349609 -3.197700 68.081139 -62.349609 -1.306181 68.081139 -62.349609 -5.089219 68.081139 -40.755768 -3.197700 68.081139 -40.755768 -1.306181 68.081139 -40.755768 -5.089219 -80.002632 -40.755768 -3.197700 -80.002632 -40.755768 -5.089219 -80.002632 -40.755768 -1.306181 -80.002632 0.924931 -3.197700 -80.002632 0.924931 -5.089219 -80.002632 0.924931 -1.306181 68.081139 0.924931 -3.197700 68.081139 0.924931 -1.306181 68.081139 0.924931 -5.089219 68.081139 1.630136 -3.197700 68.081139 1.630136 -1.306181 68.081139 1.630136 -5.089219 -80.002632 1.630136 -3.197700 -80.002632 1.630136 -5.089219 -80.002632 1.630136 -1.306181 -65.925537 -68.593636 -1.306181 -61.676849 -68.593636 -3.197700 -61.676849 -68.593636 -1.306181 -65.925537 -68.593636 -3.197700 -61.676849 -68.593636 -5.089219 50.450996 26.932137 -1.306181 -65.925537 -68.593636 -5.089219 52.342514 -68.593636 -3.197700 52.342514 -68.593636 -5.089219 -79.891838 -68.482826 43.626003 -79.624336 -68.593636 43.626003 -80.002632 -68.215324 43.626003 -79.891838 -68.482826 43.626003 67.665688 26.516693 43.626003 66.662727 26.932137 43.626003 67.665688 26.516693 43.626003 68.081139 25.513725 43.626003 -66.036346 27.042938 44.539825 -66.036346 27.042938 46.622505 52.697578 27.112703 47.044212 52.342514 27.229378 44.543625 53.585510 26.932137 46.861031 52.342514 26.932137 43.626003 -79.448624 26.378124 48.444603 67.622803 -68.593636 46.861027 67.942543 -68.482826 50.167564 67.607918 -68.593636 50.326664 67.946892 -68.482826 46.861027 67.942543 -68.482826 50.167564 -79.448624 26.378124 46.671875 
						67.946892 -68.482826 46.861027 68.081139 -68.215324 46.861027 -79.891838 -68.482826 -1.306181 67.660347 26.511366 -1.306182 -65.925537 26.932137 43.247696 -65.814728 6.296259 43.515198 -65.925537 6.296259 43.247696 -65.814728 26.932137 43.515198 -65.547241 6.296259 43.626003 -65.814728 6.296259 43.515198 -65.814728 69.438698 122.023216 48.559475 69.332283 122.549286 51.986767 69.475479 122.655487 48.408920 69.465622 122.656464 41.627972 69.694504 119.786995 52.018089 27.210260 47.122650 52.231705 69.253174 122.181335 52.018089 27.210260 47.122650 -64.790634 26.932137 46.861031 -65.602234 27.065296 46.862732 -65.602234 27.065296 46.862732 -65.925537 27.310442 46.762287 48.559475 -68.593636 -60.844452 52.342514 -68.482826 -61.111958 48.559475 -68.482826 -61.111958 52.342514 -68.215324 -61.222755 48.559475 -68.482826 -61.111958 48.559475 -68.215324 -61.222755 49.505234 26.378124 49.772652 -60.731087 26.378124 49.772652 -61.676849 -68.593636 49.948360 -65.925537 -68.482826 50.215866 -61.676849 -68.482826 50.215866 -65.925537 -68.215324 50.326664 -61.676849 -68.482826 50.215866 -61.676849 -68.215324 50.326664 48.559475 -68.593636 -28.228525 48.559475 -68.593636 -28.606831 52.342514 -68.593636 -28.985134 48.559475 -68.593636 -28.985134 -52.227173 26.378124 -28.052816 -52.865318 25.040621 -28.606831 -52.020729 26.932137 -26.715313 -52.227173 26.378124 -28.052816 -61.400524 7.927735 -29.160843 -65.371521 7.927735 -29.160843 -65.371521 7.927735 -29.160843 -61.676849 7.373722 -30.498348 -65.925537 7.373722 -30.498348 -60.733433 9.265241 -28.606831 -61.400524 7.927735 -29.160843 48.559475 -68.593636 -1.306181 52.342514 -68.593636 -1.306181 48.559475 -68.593636 -3.197700 48.559475 -68.593636 -5.089219 42.210831 25.286018 14.035913 -54.956196 26.471842 13.484009 -54.821548 25.360603 14.043105 42.499271 26.450001 13.481902 -56.231201 26.932137 12.144393 -54.956196 26.471842 13.484009 -51.537636 26.603834 43.723572 -52.200401 25.616362 43.626003 -65.547241 69.489975 122.712601 
						-65.547241 69.489975 122.712601 -59.553844 69.487816 122.713676 38.290359 27.117029 43.956047 -51.166931 27.117029 43.956047 48.559479 26.932137 46.861031 46.667961 26.932137 46.861031 50.450996 26.932137 46.861031 -61.676849 26.932137 46.861031 -63.568367 26.932137 46.861031 -59.785328 26.932137 46.861031 48.559475 28.211847 43.280788 48.267735 28.003126 43.134903 48.267735 28.003126 43.134903 47.563396 27.723326 43.182781 47.631458 70.468208 119.052414 45.390938 70.175674 119.351234 48.559475 70.474289 118.723221 47.631458 70.468208 119.052414 52.231705 70.416512 118.846794 -61.676849 28.238264 43.327938 -65.547241 28.010857 43.148712 -61.377655 28.010857 43.148716 -60.733482 70.476944 119.055466 -65.618790 70.476807 119.050735 -61.676849 70.485855 118.743851 -65.814728 27.151308 43.630226 -65.814743 27.777475 43.279449 39.891365 27.052612 43.666553 39.891365 27.052612 43.666553 52.273266 69.928207 119.410484 -53.892452 69.856506 119.405205 52.263374 27.762009 43.251831 52.342514 27.163191 43.651428 -60.655365 27.723326 43.182781 42.210831 25.286018 14.035913 39.418346 26.530415 43.584431 42.499271 26.450001 13.481902 42.499271 26.450001 13.481902 40.584389 26.932137 43.626003 43.849442 26.932137 12.144393 -53.471180 26.932137 43.626003 -54.956196 26.471842 13.484009 -56.231201 26.932137 12.144393 -52.300282 26.529932 43.590500 -54.821548 25.360603 14.043105 -54.956196 26.471842 13.484009 -65.925537 1.630136 50.326664 52.342514 -68.215324 50.326664 52.720818 -68.593636 50.326664 52.720818 -68.593636 50.326664 68.081139 1.630136 46.861031 52.342514 -63.863876 -61.222755 -61.676849 -63.863876 -61.222755 -65.925537 -63.863876 -61.222755 -65.925537 7.373722 -61.222755 -65.925537 25.040621 -61.222755 -65.925537 7.373722 -61.222755 -65.925537 1.630136 -61.222755 52.342514 7.373722 -61.222755 52.342514 7.373722 -61.222755 52.342514 25.683735 -61.222755 52.342514 1.630136 -61.222755 52.342514 -68.593636 46.861031 48.559475 -63.863876 -61.222755 
						-65.925537 26.932137 -1.306181 -65.925537 7.373722 -61.222755 -61.676849 7.373722 -61.222755 48.559475 7.373722 -61.222755 52.342514 7.373722 -30.498348 52.342514 7.373722 -61.222755 52.342514 -51.935581 -61.222755 -65.925537 -62.349609 -61.222755 52.342514 -62.349609 -61.222755 52.342514 26.932137 43.626003 -65.925537 26.932137 43.247696 -65.814728 26.932137 43.515198 -65.547241 26.932137 43.626003 -65.925537 26.932137 -1.306181 -65.925537 6.296259 -3.197700 -65.925537 26.932137 -1.306181 -65.925537 6.296259 -3.197700 -61.676849 6.296259 14.035913 42.210831 25.286018 14.035913 48.559475 6.296259 14.035913 43.849442 26.932137 12.144393 50.450996 26.932137 -1.306181 52.342514 6.296259 43.626003 52.342514 26.932137 43.626003 -80.002632 1.630136 43.626003 -65.925537 27.310442 46.762287 -61.676849 27.856585 48.511257 48.559475 27.856585 48.511257 51.207600 26.932137 46.861031 52.342514 27.526617 47.148178 -52.200401 25.616362 43.626003 -61.676849 6.296259 43.626003 -65.547241 26.932137 43.626003 -65.547241 26.932137 43.626003 -53.471180 26.932137 43.626003 52.342514 26.932137 43.626003 52.342514 26.932137 43.626003 52.342514 6.296259 43.626003 48.559475 6.296259 43.626003 -65.925537 6.296259 43.247696 -65.814728 6.296259 43.515198 -65.547241 6.296259 43.626003 -58.456406 70.194016 119.340958 43.849442 26.932137 12.144393 48.559475 6.296259 14.035913 -61.676849 6.296259 43.626003 -54.821548 25.360603 14.043105 -52.200401 25.616362 43.626003 48.559475 6.296259 43.626003 42.210831 25.286018 14.035913 48.559475 6.296259 14.035913 -59.785328 26.932137 46.861031 52.342514 -51.935581 -16.780590 52.342514 -62.349609 -16.780590 -65.925537 -62.349609 -16.780590 52.342514 -62.349609 -16.780590 -65.925537 -51.935581 -16.780590 52.342514 -72.813126 -120.296516 52.342514 -74.327400 -120.663155 -65.925537 -62.349609 -61.222755 52.342514 -74.327400 -120.663155 52.342514 -71.830658 -120.663155 -65.925537 -74.327400 -120.663155 52.342514 -71.830658 -120.663155 
						52.342514 -71.830658 -120.296516 -65.925537 -71.830658 -120.296516 -65.925537 -71.830658 -120.663155 -61.676849 6.296259 43.626003 48.559475 7.373722 -61.222755 -79.526978 -68.433746 49.851002 -78.877159 -68.482826 50.215866 -79.526978 -68.433746 49.851002 -78.120575 26.378124 49.772652 -79.624344 -68.482834 -61.111950 -79.522995 26.132710 -60.743088 67.641602 26.251736 49.762035 67.601486 -68.433746 -60.743088 67.601486 -68.433746 -60.743088 66.946198 -68.482826 -61.111958 66.189621 26.582609 -61.038895 67.281715 26.273840 -60.695137 -65.925529 26.594439 49.513798 52.183918 26.594437 49.513805 52.976486 26.378124 49.772652 52.183918 26.594437 49.513805 51.396755 26.378124 49.772652 -79.891830 -68.482834 -28.606831 -79.448624 26.378117 -28.606827 67.970329 -68.482834 -28.606831 67.527122 26.378122 -28.606833 -65.925529 26.524120 -28.606831 -65.925529 26.524120 -28.606831 -65.925529 26.524120 -28.606831 52.342514 26.590813 -28.606831 52.342514 26.590813 -28.606831 52.342514 26.590813 -28.606831 -79.891838 -68.482834 -3.197700 -79.448624 26.378124 -1.306181 -65.602234 27.065296 46.862732 -66.120056 26.979641 46.840889 -66.146988 26.932137 46.971813 -66.120056 26.979641 46.840889 52.365353 27.052668 46.966015 52.018089 27.210260 47.122650 -79.189774 26.594431 46.861027 -79.189774 26.594431 43.626007 -65.814728 27.151308 43.630226 -65.925545 27.031677 43.806103 -65.814728 26.932137 43.515198 -65.925545 27.031677 43.806103 -65.814728 27.151308 43.630226 52.342514 27.163191 43.651428 -65.839912 69.589767 119.706696 -65.839912 69.589767 119.706696 -65.765648 69.410416 122.416191 -65.547241 69.489975 122.712601 52.273712 69.615219 119.736710 52.273712 69.615219 119.736710 52.203327 69.438957 122.438057 51.986767 69.475479 122.655487 48.559475 26.594437 49.513805 -61.676849 26.594437 49.513805 -52.300282 26.529932 43.590500 -51.922119 26.841818 43.710136 -51.537636 26.603834 43.723572 -51.922119 26.841818 43.710136 39.418346 26.530415 43.584431 39.036770 26.837378 43.702484 
						39.891365 27.052612 43.666553 39.036770 26.837378 43.702484 -61.712570 69.489922 122.711845 47.606522 69.503647 122.636429 -50.732193 69.573418 119.695625 37.680534 69.574409 119.694405 52.014744 28.004389 43.135849 52.204792 27.975492 43.186020 52.210678 70.429802 119.052704 52.210678 70.429802 119.052704 -65.863983 70.237274 119.246162 -65.798737 70.438820 119.059731 -65.814743 28.141592 43.382088 -79.891838 -68.482826 49.201187 67.527122 -68.215324 -60.668736 67.970345 -68.482826 -60.087818 67.607918 -68.593636 50.326664 67.942543 -68.482826 50.167564 -66.479553 26.378124 -60.668736 -66.479553 26.378124 -60.668736 52.342514 -68.482826 50.215866 51.788502 7.927735 -29.160843 51.788502 25.349812 -29.160849 -65.371521 7.927735 -29.160843 -65.925537 7.373722 -30.498348 52.342514 27.526617 47.148178 52.342514 27.229378 44.543625 52.697578 27.112703 47.044212 53.585510 26.932137 46.861031 -65.814728 26.932137 43.515198 51.986767 69.475479 122.655487 52.342514 27.526617 47.148178 51.396755 26.378124 49.772652 42.499271 26.450001 13.481902 46.784279 69.487747 122.711105 -61.377655 28.010857 43.148716 -60.733482 70.476944 119.055466 40.584389 26.932137 43.626003 52.342514 27.163191 43.651428 52.342514 26.932137 43.626003 52.072296 27.723326 43.182781 39.309586 25.616158 43.626003 39.418346 26.530415 43.584431 -52.300282 26.529932 43.590500 -52.200401 25.616362 43.626003 -65.925537 7.373722 -61.222755 52.342514 25.683735 -61.222755 52.342514 7.373722 -61.222755 -65.925537 26.932137 -1.306181 -54.821548 25.360603 14.043105 -56.231201 26.932137 12.144393 -54.956196 26.471842 13.484009 52.342514 6.296259 -3.197700 50.450996 26.932137 -1.306181 42.499271 26.450001 13.481902 52.342514 6.296259 -3.197700 -63.568367 26.932137 46.861031 50.450996 26.932137 46.861031 -53.471180 26.932137 43.626003 -52.300282 26.529932 43.590500 39.309586 25.616158 43.626003 39.418346 26.530415 43.584431 40.584389 26.932137 43.626003 -65.925537 6.296259 -3.197700 
						-61.676849 6.296259 14.035913 -61.676849 6.296259 14.035913 39.309586 25.616158 43.626003 46.667961 26.932137 46.861031 
					</float_array>
					<technique_common>
						<accessor count="1156" offset="0" source="#meshId24-positions-array" stride="3">
							<param name="X" type="float" />
							<param name="Y" type="float" />
							<param name="Z" type="float" />
						</accessor>
					</technique_common>
				</source>
				<source id="meshId24-normals" name="meshId24-normals">
					<float_array id="meshId24-normals-array" count="3468"> 
						0.000000 0.000000 1.000000 0.000000 0.000000 1.000000 0.000000 0.000000 1.000000 0.000000 0.000000 1.000000 0.000000 0.000000 1.000000 0.000000 0.000000 -1.000000 0.000000 0.000000 -1.000000 0.000000 0.000000 -1.000000 0.000000 0.000000 1.000000 0.000000 0.000000 1.000000 0.000000 0.000000 -1.000000 0.000000 0.000000 -1.000000 0.000000 0.000000 1.000000 0.000000 0.000000 1.000000 0.000000 -1.000000 0.000000 0.000000 -1.000000 0.000000 0.000000 -1.000000 0.000000 0.000000 0.000000 -1.000000 0.000000 0.000000 -1.000000 0.000000 0.000000 -1.000000 0.000000 0.996161 -0.087541 0.000000 1.000000 0.000000 0.000000 0.996161 -0.087543 -1.000000 0.000000 0.000000 -1.000000 0.000000 0.000000 -1.000000 0.000000 0.000000 1.000000 0.000000 0.000000 1.000000 0.000000 0.000000 1.000000 0.000000 0.000000 0.000000 0.996161 -0.087543 0.000000 0.984673 -0.174411 0.000000 0.996161 -0.087541 1.000000 0.000000 0.000000 1.000000 0.000000 0.000000 1.000000 0.000000 0.000000 0.000000 -0.984673 0.174411 0.000000 -0.996161 0.087542 0.000000 -0.984673 0.174411 1.000000 0.000000 0.000000 1.000000 0.000000 0.000000 -1.000000 0.000000 0.000000 -1.000000 0.000000 0.000000 -1.000000 0.000000 0.000000 0.000000 0.000000 -1.000000 0.000000 0.000000 -1.000000 0.000000 0.000000 -1.000000 1.000000 0.000000 0.000000 0.000000 -0.996161 0.087541 0.000000 -1.000000 0.000000 -1.000000 0.000000 0.000000 0.000000 1.000000 0.000000 0.000000 1.000000 0.000000 0.000000 1.000000 0.000000 0.000000 0.000000 1.000000 0.000000 0.000000 1.000000 0.000000 0.000000 1.000000 -1.000000 0.000000 0.000000 -1.000000 0.000000 0.000000 0.000000 0.000000 -1.000000 0.000000 0.000000 -1.000000 0.000000 0.000000 -1.000000 1.000000 0.000000 0.000000 1.000000 0.000000 0.000000 1.000000 0.000000 0.000000 
						1.000000 0.000000 0.000000 1.000000 0.000000 0.000000 1.000000 0.000000 0.000000 1.000000 0.000000 0.000000 1.000000 0.000000 0.000000 1.000000 0.000000 0.000000 0.000000 -1.000000 0.000000 0.000000 -1.000000 0.000000 0.000000 -1.000000 0.000000 -1.000000 0.000000 0.000000 -1.000000 0.000000 0.000000 -1.000000 0.000000 0.000000 -1.000000 0.000000 -0.000000 -1.000000 0.000000 0.000000 -1.000000 0.000000 -0.000000 -1.000000 0.000000 0.000000 -1.000000 0.000000 0.000000 -1.000000 0.000000 0.000000 0.000000 1.000000 0.000000 0.000000 1.000000 0.000000 0.000000 1.000000 0.000000 0.000000 1.000000 0.000000 0.000000 1.000000 0.000000 0.000000 -1.000000 0.000000 0.000000 -1.000000 0.000000 0.000000 -1.000000 0.000000 0.000000 -1.000000 0.000000 0.000000 0.000000 -1.000000 0.000000 0.000000 -1.000000 0.000000 0.000000 1.000000 0.000000 0.000000 1.000000 0.000000 0.000000 1.000000 0.000000 0.000000 1.000000 0.000000 1.000000 0.000000 0.000000 1.000000 0.000000 0.000000 1.000000 0.000000 0.000000 1.000000 0.000000 0.000000 -0.996161 0.087541 0.000000 -1.000000 0.000000 0.000000 -0.996161 0.087543 0.000000 -1.000000 0.000000 0.000000 0.000000 -1.000000 0.000000 0.000000 -1.000000 0.000000 -0.984673 0.174411 0.000000 -0.984673 0.174411 0.000000 0.984673 -0.174411 0.000000 0.984673 -0.174411 0.000000 1.000000 0.000000 0.000000 1.000000 0.000000 0.000000 0.000000 -1.000000 0.000000 0.000000 -1.000000 0.000000 0.000000 -1.000000 0.000000 0.000000 -1.000000 0.000000 -1.000000 0.000000 0.000000 -1.000000 0.000000 0.000000 -1.000000 0.000000 0.000000 -1.000000 0.000000 0.000000 0.000000 1.000000 0.000000 0.000000 1.000000 0.000000 0.000000 1.000000 0.000000 0.000000 1.000000 0.000000 0.000000 -1.000000 0.000000 0.000000 -1.000000 0.000000 0.000000 -1.000000 
						0.000000 0.000000 -1.000000 0.000000 0.000000 1.000000 0.000000 0.000000 1.000000 0.000000 0.000000 -1.000000 0.000000 0.000000 -1.000000 0.000000 0.000000 1.000000 0.000000 0.000000 1.000000 0.000000 0.000000 1.000000 0.000000 0.000000 1.000000 0.000000 0.000000 -1.000000 -0.762562 0.556019 0.330670 -0.799358 0.450606 0.397468 -0.761763 0.565814 0.315552 -0.535835 0.652527 0.535808 -0.589968 0.551268 0.589950 -0.762562 0.556019 0.330670 -0.397470 0.450591 0.799366 -0.330665 0.555995 0.762581 -0.315543 0.565781 0.761790 -0.967194 0.179691 0.179574 -0.887741 0.327093 0.323923 -0.915031 0.379976 0.135413 -0.179574 0.179689 0.967194 -0.323916 0.327100 0.887741 -0.379044 0.137619 0.915088 -0.178873 0.967476 0.178873 -0.324109 0.888767 0.324108 -0.137503 0.915447 0.378218 -0.967291 -0.179371 -0.179373 -0.888087 -0.325037 -0.325041 -0.915196 -0.379065 -0.136845 -0.179380 -0.179398 -0.967284 -0.325066 -0.325064 -0.888069 -0.379085 -0.136836 -0.915189 -0.179386 -0.967286 -0.179386 -0.325049 -0.888077 -0.325057 -0.136870 -0.915176 -0.379104 -0.960216 0.200649 -0.194227 -0.909820 0.407081 -0.080694 -0.906185 0.194803 -0.375339 -0.184979 0.932387 -0.310544 -0.310548 0.932386 -0.184975 -0.152413 0.976494 -0.152413 -0.194223 0.200652 -0.960217 -0.080701 0.407081 -0.909820 -0.012520 0.388683 -0.921286 0.942915 0.234455 0.236520 0.828079 0.455668 0.326576 0.899099 0.116953 0.421832 0.107772 0.924079 0.366692 0.256608 0.937807 0.233816 0.158101 0.975192 0.154933 0.165295 0.165571 0.972247 0.121676 0.393154 0.911386 0.040411 0.389699 0.920055 0.396360 0.457788 -0.795820 0.328396 0.564393 -0.757375 0.313544 0.573309 -0.756972 0.757380 0.564388 -0.328393 0.795795 0.457843 -0.396344 0.756978 0.573300 -0.313547 0.526543 0.667495 -0.526500 0.584174 0.563484 -0.584146 0.757380 0.564388 -0.328393 
						0.188415 0.095871 -0.977399 0.380813 0.120008 -0.916831 0.389085 0.030956 -0.920681 0.205527 0.920447 -0.332469 0.465356 0.813234 -0.349420 0.193195 0.755078 -0.626525 0.925001 0.135724 -0.354896 0.932562 0.291459 -0.213026 0.974446 0.158138 -0.159523 -0.000000 0.211154 0.977453 -0.000001 0.463536 0.886078 0.051165 0.412848 0.909362 -0.000000 0.983871 0.178879 0.032234 0.931253 0.362944 0.000000 0.980785 0.195092 -0.032234 0.931253 0.362945 0.000000 0.980786 0.195087 -0.049561 -0.146603 0.987953 -0.189840 -0.375702 0.907088 -0.357401 -0.357381 0.862870 -0.189827 -0.907071 0.375751 -0.049571 -0.987949 0.146623 -0.357379 -0.862855 0.357438 -0.001407 0.983411 0.181387 0.017941 0.700911 0.713023 0.000000 0.980786 0.195087 -0.020500 0.698986 0.714841 0.000000 0.997733 0.067296 0.017941 0.700911 0.713023 -0.020500 0.698986 0.714841 0.000000 0.195090 0.980785 -0.923883 -0.382676 0.000002 -0.980784 -0.195097 0.000001 -0.980784 -0.195097 -0.000000 -0.195109 -0.980782 -0.000000 -0.382693 -0.923875 0.000000 -0.382687 -0.923878 -0.000000 -0.195107 -0.980782 0.000000 -0.195078 -0.980788 0.000000 -0.923881 -0.382680 -0.000002 -0.980785 -0.195093 0.000000 -0.980785 0.195091 0.000000 -0.923880 0.382683 -0.000000 -0.923879 0.382684 0.000001 -0.980785 0.195091 -0.000000 -0.980786 0.195088 0.000000 -0.195096 0.980784 0.000000 -0.382684 0.923879 -0.000000 -0.195093 0.980785 0.000000 -0.382684 0.923879 0.000001 -0.195091 0.980785 0.000000 0.980784 -0.195095 0.000000 0.923878 -0.382686 0.000004 0.980785 -0.195091 0.000000 0.923879 -0.382685 -0.000004 0.980785 -0.195090 0.000000 0.195105 -0.980782 0.000000 0.382689 -0.923877 0.000000 0.382721 -0.923864 0.000000 0.195104 -0.980783 -0.000000 0.195078 -0.980788 0.000000 0.980785 0.195090 0.000001 0.923880 0.382682 0.000000 0.980786 0.195088 0.000000 
						0.195094 0.980784 0.000000 0.382684 0.923879 0.000001 0.195093 0.980785 0.000000 0.382684 0.923879 -0.000001 0.195091 0.980785 0.000000 0.980786 0.195086 -0.000001 0.923879 0.382684 -0.000002 0.905147 0.394048 -0.159482 0.910138 0.214941 -0.354188 0.960805 0.196029 -0.196028 0.097892 0.994089 -0.046959 0.338112 0.940403 -0.036356 0.195093 0.980785 0.000000 0.046958 0.994089 -0.097892 0.000000 1.000000 0.000000 0.036356 0.940403 -0.338113 0.000000 0.980785 -0.195091 0.354187 0.214941 -0.910139 0.159480 0.394050 -0.905147 0.196029 0.196030 -0.960804 -0.835231 0.492709 -0.244186 -0.850182 0.513675 -0.115451 -0.846158 0.517710 -0.126466 -0.185728 0.408669 -0.893585 -0.372483 0.264903 -0.889428 -0.214869 0.182193 -0.959498 -0.046458 0.994976 -0.088685 -0.042761 0.942971 -0.330118 -0.000000 0.980785 -0.195090 -0.076678 0.996504 -0.033171 0.000000 1.000000 0.000000 -0.247600 0.968673 -0.019146 -0.137697 0.990474 0.000000 -0.195098 -0.980784 -0.000001 -0.382693 -0.923876 0.000000 -0.382698 -0.923873 -0.000002 -0.195097 -0.980784 0.000001 -0.195095 -0.980784 0.000000 -0.980785 -0.195091 0.000001 -0.923882 -0.382678 -0.000000 -0.980786 -0.195087 0.000000 -0.923887 -0.382666 0.000000 -0.980787 -0.195083 0.000000 0.918742 0.394590 -0.014516 0.974929 0.221788 -0.017989 0.982130 0.187891 -0.010880 0.221789 0.974929 -0.017988 0.394589 0.918743 -0.014515 0.187891 0.982130 -0.010879 0.208687 0.977749 -0.021387 0.435756 0.899440 -0.033515 0.977749 0.208685 -0.021385 0.899439 0.435760 -0.033515 0.922923 0.382299 -0.045386 -0.382684 0.923879 0.000000 -0.195093 0.980785 0.000000 -0.195090 0.980785 0.000000 -0.980785 0.195091 0.000000 -0.923879 0.382684 0.000000 -0.980786 0.195089 0.000000 -0.980785 0.195093 0.000000 -0.923879 0.382684 0.000000 -0.195095 0.980784 0.000000 -0.382686 0.923878 0.000000 
						-0.382685 0.923879 0.000000 0.194881 -0.980827 -0.000165 0.338013 -0.941125 0.005479 0.170267 -0.985394 0.002977 0.979892 -0.199529 0.000337 0.923700 -0.383116 0.000072 0.980785 -0.195091 0.000000 0.974604 -0.223928 0.001883 0.919186 -0.393823 0.001134 0.333078 -0.942894 0.003003 0.167940 -0.985796 0.001516 0.073293 0.435223 0.897335 0.073293 0.435223 0.897335 0.073293 0.435223 0.897335 -0.086364 0.278064 0.956672 -0.086364 0.278064 0.956672 -0.086364 0.278064 0.956672 -0.183295 0.982916 -0.016700 -0.159265 0.968407 0.191890 -0.407610 0.911333 0.057678 -0.042335 0.988053 0.148185 -0.004682 0.999989 0.000575 0.000000 1.000000 0.000000 -0.053094 -0.612760 0.788483 -0.009723 -0.678092 0.734912 0.000000 -0.712167 0.702010 0.083466 -0.354001 0.931513 0.011477 -0.553854 0.832535 -0.053094 -0.612760 0.788483 0.118605 -0.696224 0.707958 0.051287 -0.850134 0.524062 -0.179313 0.983697 0.013668 -0.458928 0.888473 -0.000002 -0.746173 0.664054 0.047516 -0.179310 0.983698 -0.013668 -0.151123 0.988515 0.000000 -0.746173 0.664054 0.047516 -0.746170 0.664058 -0.047516 -0.980785 0.195090 0.000000 -0.746172 0.664056 0.047516 -0.746170 0.664057 -0.047515 -0.980785 0.195093 0.000000 -0.179308 0.983698 0.013668 -0.458921 0.888477 0.000009 -0.746172 0.664056 0.047516 -0.179309 0.983698 -0.013667 -0.151123 0.988515 0.000000 -0.995294 0.088504 -0.039454 -0.947025 0.320203 -0.024785 -0.980741 0.195307 0.001400 -0.982716 -0.069798 -0.171460 -0.995105 0.075443 -0.063835 0.344338 0.436277 -0.831320 0.344338 0.436277 -0.831320 0.344338 0.436277 -0.831320 -0.118713 0.982463 -0.143782 -0.063443 0.989821 -0.127398 0.000000 1.000000 0.000000 -0.131878 0.990601 -0.036305 -0.300399 0.924217 -0.235760 0.999155 0.039107 -0.012661 1.000000 0.000007 0.000005 0.982305 0.181202 -0.047355 0.984802 0.018991 -0.172640 
						1.000000 -0.000008 0.000008 0.999155 0.039107 -0.012661 0.996949 -0.004750 -0.077907 1.000000 -0.000008 0.000008 0.981052 0.021191 -0.192584 -0.288177 0.790085 0.541036 -0.516429 0.819218 0.249365 -0.223513 0.966080 0.129352 -0.442436 0.529033 0.724137 -0.288177 0.790085 0.541036 -0.228528 0.564047 0.793489 -0.982157 0.098197 0.160391 -0.937149 0.227206 0.264818 -0.925542 0.192388 0.326128 -0.940144 0.332370 0.075225 -0.987866 0.106710 0.112841 -0.992639 0.110103 0.050455 -0.302603 0.931051 0.203899 -0.601097 0.783758 0.156223 -0.638349 0.717919 0.277674 -0.985320 -0.036641 0.166739 -0.987819 0.081403 0.132620 -0.994886 0.023300 0.098277 -0.273360 -0.755894 0.594894 -0.554532 -0.650900 0.518482 -0.402649 -0.792230 0.458525 0.986879 0.158609 0.030226 0.944416 0.282031 0.168928 0.931988 0.360281 0.039962 0.986326 0.104373 0.127541 0.990009 0.120765 0.072782 0.264982 0.831416 0.488397 0.453427 0.570119 0.685104 0.222818 0.579448 0.783959 0.462387 0.870751 0.167304 0.264982 0.831416 0.488397 0.224923 0.966982 0.119818 0.983526 0.015218 0.180128 0.972001 -0.130645 0.195310 0.994296 0.024694 0.103754 0.335778 0.920764 0.198614 0.605754 0.729548 0.317526 0.427451 0.903596 0.028299 0.244528 -0.728812 0.639561 0.537970 -0.630465 0.559555 0.537676 -0.560711 0.629689 0.000000 0.983871 0.178881 0.032232 0.931253 0.362945 0.000000 0.992544 0.121886 -0.032232 0.931252 0.362947 0.000000 0.980785 0.195089 -0.000000 0.211155 0.977453 -0.000000 0.463541 0.886076 0.051165 0.412849 0.909361 -0.032232 0.931252 0.362946 0.000000 0.983871 0.178880 0.000000 0.980786 0.195088 0.000000 0.211153 0.977453 0.000001 0.463539 0.886076 0.051166 0.412849 0.909361 0.032233 0.931253 0.362945 0.000000 0.980785 0.195090 0.000000 -0.872434 0.488731 0.000000 -0.872433 0.488733 
						0.000001 -0.872433 0.488733 0.000001 -0.872434 0.488733 0.000000 -0.872433 0.488733 0.000000 -0.872433 0.488734 -0.000000 -0.872433 0.488733 0.000000 -0.872435 0.488731 0.126838 0.139390 -0.982081 0.089369 0.220401 -0.971307 0.033263 0.022363 -0.999196 0.095737 0.473446 -0.875604 0.126838 0.139390 -0.982081 0.063531 0.083618 -0.994471 0.116862 0.742129 -0.659990 0.163577 0.376065 -0.912040 0.095737 0.473446 -0.875604 0.089369 0.220401 -0.971307 0.088936 0.685128 -0.722973 0.009369 0.406996 -0.913382 -0.108033 0.668978 -0.735390 -0.095804 0.210996 -0.972781 -0.023483 0.398551 -0.916845 -0.128014 0.717480 -0.684716 -0.170396 0.346234 -0.922544 -0.131024 0.130278 -0.982782 -0.091833 0.442376 -0.892116 -0.054430 -0.006111 -0.998499 -0.095804 0.210996 -0.972781 -0.131024 0.130278 -0.982782 -0.034994 0.021773 -0.999150 -0.004252 0.983333 0.181762 0.000236 0.965107 0.261854 0.006812 0.987696 0.156238 0.004630 -0.796928 0.604056 -0.013018 -0.614081 0.789135 0.009623 -0.711032 0.703093 0.001171 0.930794 0.365543 0.000005 0.982102 0.188350 0.011961 0.997251 0.073123 0.036761 0.989656 0.138673 0.003259 0.963337 0.268273 0.017052 0.967469 0.252413 0.011697 0.993272 0.115210 0.002697 0.981502 0.191432 0.090505 -0.002972 0.995892 0.090505 -0.002972 0.995892 0.090505 -0.002972 0.995892 0.027137 0.914307 0.404112 0.039750 0.878393 0.476283 0.032622 0.826210 0.562418 0.013582 0.996326 0.084562 0.053697 0.996451 -0.064818 0.027137 0.914307 0.404112 0.013756 0.998150 -0.059230 0.001225 0.999650 0.026420 0.048772 0.907686 -0.416806 0.022237 0.968967 -0.246186 0.013313 0.906930 -0.421072 0.083154 0.922680 -0.376493 -0.042202 0.890389 0.453241 -0.026650 0.922967 0.383956 -0.031035 0.818809 0.573227 -0.080146 0.918342 -0.387589 -0.056073 0.996115 -0.067904 -0.100626 0.959574 -0.262853 
						-0.025606 0.972410 -0.231870 -0.046526 0.912377 -0.406699 -0.010342 0.907707 -0.419476 -0.019213 0.999082 -0.038285 -0.013955 0.997524 0.068923 -0.001995 0.999626 0.027280 0.163656 -0.332237 -0.928889 0.288790 -0.139574 -0.947164 0.380108 -0.347260 -0.857279 0.349041 0.717394 -0.602923 0.176287 0.605084 -0.776400 0.170928 0.746519 -0.643034 0.965803 0.071270 -0.249290 0.883996 0.172860 -0.434362 0.914168 0.286828 -0.286404 0.260039 0.635365 0.727111 0.064672 0.719011 0.691983 0.170295 0.590110 0.789158 0.948156 0.302411 0.097708 0.833004 0.536510 0.135135 0.897544 0.298131 0.324859 0.118439 0.992838 -0.015672 0.287705 0.934726 -0.208601 0.156550 0.948067 -0.276876 -0.947437 0.304172 0.099209 -0.835254 0.536682 0.119681 -0.907551 0.404362 -0.113322 -0.168679 0.584549 0.793631 -0.145944 0.724337 0.673823 -0.287737 0.616862 0.732590 -0.287365 0.935588 -0.205175 -0.122536 0.992409 -0.010412 -0.154905 0.949078 -0.274326 -0.967286 0.068832 -0.244170 -0.888081 0.124726 -0.442443 -0.915193 -0.065876 -0.397596 -0.179387 0.756224 -0.629242 -0.325042 0.615918 -0.717629 -0.379092 0.731543 -0.566687 -0.179380 -0.316254 -0.931561 -0.325052 -0.150440 -0.933654 -0.136858 -0.116571 -0.983708 -0.195105 -0.980782 0.000000 -0.382671 -0.923885 0.000000 -0.382708 -0.923869 0.000000 -0.923882 -0.382678 0.000000 -0.976975 -0.185622 0.105189 -0.980785 -0.195090 0.000000 -0.382685 0.000000 0.923879 -0.195092 0.000000 0.980785 -0.915087 0.137613 0.379048 -0.980785 0.000000 0.195094 -0.923878 0.000000 0.382687 -0.921285 0.388687 -0.012518 -0.382666 -0.000000 -0.923887 -0.195083 0.000000 -0.980787 -0.915194 -0.136842 -0.379070 -0.980788 -0.000000 -0.195075 -0.923891 -0.000000 -0.382657 -0.000000 -0.923871 -0.382703 0.000000 -0.980783 -0.195104 0.000000 -0.382661 -0.923889 0.000000 -0.195077 -0.980788 -0.000592 0.761395 -0.648288 
						-0.000603 0.761253 -0.648455 -0.000334 0.197394 -0.980324 -0.000139 0.077800 -0.996969 0.976954 -0.185774 -0.105112 0.923879 0.000000 -0.382684 0.980785 0.000000 -0.195092 0.382683 0.000000 -0.923880 0.195087 0.000000 -0.980786 0.382684 0.000000 -0.923879 0.382691 -0.923876 0.000000 0.382720 -0.923864 -0.000000 0.383304 0.923592 -0.007483 0.194684 0.980858 -0.004019 0.908227 0.413812 0.062320 0.980783 0.195073 -0.003324 0.923856 0.382680 -0.006721 0.214485 0.001960 0.976725 0.428351 0.001991 0.903610 0.417479 0.003558 0.908679 0.936897 0.003863 0.349585 0.973903 -0.190262 0.123750 0.983886 0.001858 0.178789 0.000000 -0.923871 -0.382703 0.000000 -0.980783 -0.195101 0.000000 -0.195084 -0.980787 0.000000 -0.382673 -0.923884 0.148146 0.977806 -0.148148 0.000000 0.169345 -0.985557 0.000000 -0.980784 0.195099 0.000000 -0.923874 0.382697 -0.062520 -0.996083 0.062524 0.000000 -0.382681 0.923880 -0.105194 -0.185627 0.976973 0.000000 -0.382681 0.923881 -0.051167 0.412847 0.909362 -0.000000 1.000000 0.000000 -0.049571 -0.987949 0.146623 0.000000 -0.923871 0.382704 0.000000 -0.980783 0.195099 -0.189840 -0.375702 0.907088 0.000000 -0.195090 0.980785 0.000000 -0.382687 0.923878 0.000000 -0.980783 -0.195103 0.000000 -0.923871 -0.382704 0.062029 -0.996145 -0.062031 0.000000 -0.382685 -0.923879 0.105117 -0.185788 -0.976951 0.000000 -0.382704 -0.923871 0.000000 1.000000 0.000000 0.000000 1.000000 0.000000 0.000000 1.000000 0.000000 -0.379079 -0.915190 -0.136845 -0.923879 0.382684 -0.000001 0.382692 -0.923876 -0.000711 0.418097 0.903842 -0.090911 0.923880 0.382683 0.000002 0.382684 0.923880 0.000000 0.923880 0.382683 0.000000 0.985557 0.169344 0.000000 -0.847171 0.531321 0.000420 -0.847051 0.531511 0.000428 -0.144798 0.989461 0.000231 -0.263831 0.964569 0.000431 0.000000 -1.000000 0.000000 
						0.000000 -1.000000 0.000000 0.000000 -1.000000 0.000000 0.000000 -1.000000 0.000000 0.000000 -1.000000 0.000000 0.000000 -1.000000 0.000000 0.000000 0.923880 -0.382684 -0.000000 0.980784 -0.195095 0.000000 0.195088 -0.980786 0.000000 0.382682 -0.923880 0.000000 -1.000000 0.000000 0.000000 -1.000000 0.000000 1.000000 0.000000 0.000000 1.000000 0.000000 0.000000 1.000000 0.000000 0.000000 -1.000000 0.000000 0.000000 -1.000000 0.000000 0.000000 -1.000000 0.000000 0.000000 -0.148145 0.148148 -0.977806 0.000000 0.382685 -0.923879 0.000000 0.195091 -0.980785 0.000000 0.923879 -0.382684 0.000000 0.980785 -0.195091 0.000000 0.923880 -0.382684 -0.382684 0.000000 -0.923880 -0.923880 0.000000 -0.382683 -0.983481 0.000000 -0.181014 -0.985557 0.000000 -0.169344 0.148145 0.148149 -0.977806 0.923878 0.000000 -0.382688 -0.382684 0.000000 0.923879 -0.195091 0.000000 0.980785 -0.980785 0.000000 0.195091 -0.923876 0.000000 0.382692 -0.195081 0.000000 -0.980787 -0.375332 0.194810 -0.906187 -0.923889 0.000000 -0.382661 0.923880 0.000000 -0.382683 0.195090 0.000000 -0.980785 0.395004 0.022284 0.918409 0.272623 0.240358 0.931614 0.983107 0.009748 0.182771 1.000000 0.000000 0.000000 1.000000 0.000000 0.000000 -1.000000 0.000000 0.000000 -1.000000 0.000000 0.000000 -0.195078 0.000000 -0.980788 -0.382667 0.000000 -0.923886 -0.923891 0.000000 -0.382656 -0.980789 0.000000 -0.195072 0.980785 0.000000 -0.195090 0.980785 0.000000 -0.195091 0.382684 0.000000 -0.923879 0.382684 0.000000 -0.923879 0.209455 0.011887 0.977746 0.194561 0.010769 0.980831 0.928621 0.020984 0.370437 0.980967 0.011346 0.193843 1.000000 0.000000 0.000000 1.000000 0.000000 0.000000 1.000000 0.000000 0.000000 -1.000000 0.000000 0.000000 -1.000000 0.000000 0.000000 -1.000000 0.000000 0.000000 -0.382687 0.000000 0.923878 
						-0.195095 0.000000 0.980784 -0.980785 0.000000 0.195093 -0.923877 0.000000 0.382689 -0.382668 0.000000 -0.923886 -0.382664 0.000000 -0.923888 -0.980788 0.000000 -0.195077 -0.980789 0.000000 -0.195073 0.980786 0.000000 -0.195086 0.923879 0.000000 -0.382685 0.382684 0.000000 -0.923879 0.195090 0.000000 -0.980785 0.205375 0.000340 0.978683 0.397492 0.021260 0.917359 0.929548 0.021280 0.368088 0.982710 0.000286 0.185151 1.000000 0.000000 0.000000 1.000000 0.000000 0.000000 1.000000 0.000000 0.000000 -1.000000 0.000000 0.000000 -1.000000 0.000000 0.000000 -1.000000 0.000000 0.000000 -0.382685 0.000000 0.923879 -0.195094 0.000000 0.980784 -0.980785 0.000000 0.195091 -0.923878 0.000000 0.382687 -0.195084 0.000000 -0.980786 -0.382669 0.000000 -0.923885 -0.923889 0.000000 -0.382661 -0.980786 0.000000 -0.195089 0.980785 0.000000 -0.195091 0.923881 0.000000 -0.382681 0.382686 0.000000 -0.923879 0.195090 0.000000 -0.980785 0.207659 0.002344 0.978198 0.402123 0.000664 0.915585 0.931444 0.000564 0.363883 0.983416 0.001396 0.181356 1.000000 0.000000 0.000000 1.000000 0.000000 0.000000 1.000000 0.000000 0.000000 -1.000000 0.000000 0.000000 -1.000000 0.000000 0.000000 -1.000000 0.000000 0.000000 -0.382684 0.000000 0.923879 -0.195088 0.000000 0.980786 -0.980784 0.000000 0.195099 -0.923878 0.000000 0.382687 -0.195081 0.000000 -0.980787 -0.923878 0.000000 -0.382686 0.923879 0.000000 -0.382685 0.195092 0.000000 -0.980785 0.409274 0.004451 0.912401 0.934015 0.002965 0.357222 1.000000 0.000000 0.000000 -1.000000 0.000000 0.000000 -0.382686 0.000000 0.923878 -0.923880 0.000000 0.382681 -0.382689 -0.923877 0.000000 0.000000 1.000000 0.000000 0.000000 1.000000 0.000000 -0.000000 1.000000 0.000000 0.000001 1.000000 0.000000 -0.746170 0.664057 -0.047515 0.328973 -0.944339 0.000136 
						0.166858 -0.985981 0.000079 0.898578 -0.438796 0.004071 0.973930 -0.226849 0.000006 0.896979 -0.442074 0.000031 1.000000 0.000000 0.000000 1.000000 0.000000 0.000000 1.000000 0.000000 0.000000 -1.000000 0.000000 0.000000 -1.000000 0.000000 0.000000 -1.000000 0.000000 0.000000 -1.000000 0.000000 0.000000 -1.000000 0.000000 0.000000 -1.000000 0.000000 0.000000 1.000000 0.000000 0.000000 1.000000 0.000000 0.000000 1.000000 0.000000 0.000000 1.000000 0.000000 0.000000 1.000000 0.000000 0.000000 1.000000 0.000000 0.000000 -1.000000 0.000000 0.000000 -1.000000 0.000000 0.000000 -1.000000 0.000000 -0.000000 -1.000000 0.000000 0.000000 -1.000000 0.000000 0.000000 -1.000000 0.000000 0.000000 1.000000 0.000000 0.000000 1.000000 0.000000 0.000000 1.000000 0.000000 0.000000 1.000000 0.000000 -0.000000 1.000000 0.000000 0.000000 1.000000 0.000000 0.000000 -1.000000 0.000000 0.000000 -1.000000 0.000000 0.000000 -1.000000 0.000000 0.000000 0.000000 -1.000000 0.000000 0.000000 -1.000000 0.000000 0.000000 -1.000000 0.000000 0.000000 -1.000000 0.000000 0.000000 -1.000000 0.000000 -0.000000 1.000000 0.000000 0.000000 -1.000000 0.000000 0.000000 -1.000000 0.000000 0.000000 -1.000000 0.000000 -0.382703 -0.923871 0.000000 -0.195103 -0.980783 0.000000 -0.980785 -0.195092 0.000000 -0.923878 -0.382688 0.000000 0.382682 0.923874 -0.003395 0.194082 0.980984 -0.001712 0.923873 0.382683 -0.003395 0.980984 0.194080 -0.001712 -0.363696 0.931452 -0.011058 -0.903975 0.419005 -0.085232 0.787223 0.616476 -0.015382 0.625652 0.742138 -0.240396 0.625652 0.742138 -0.240396 0.625652 0.742138 -0.240396 -0.378220 0.915447 0.137500 0.163915 -0.986474 0.000339 0.315365 -0.948970 0.001305 0.134080 -0.990970 0.000576 0.893599 -0.448866 0.000381 0.888576 -0.458728 0.001170 -0.746170 0.664058 -0.047516 
						0.323699 -0.946160 0.000617 0.973105 -0.230363 0.000166 -0.382698 -0.923874 0.000002 0.382295 0.922925 -0.045387 0.980782 0.000000 -0.195107 0.923867 0.000000 -0.382713 0.980781 0.000000 -0.195110 0.382690 0.000000 -0.923877 0.195094 0.000000 -0.980784 0.382690 0.000000 -0.923877 -0.413449 0.910346 0.018147 -0.004647 -0.768913 0.639337 0.000602 -0.604941 0.796270 -0.036030 -0.650546 0.758612 -0.026650 0.922967 0.383956 0.118605 -0.696224 0.707958 0.416274 -0.778134 0.470344 0.631553 -0.676426 0.378932 -0.068550 -0.870480 0.487407 -0.140738 -0.863949 0.483513 -0.631823 -0.676242 0.378809 -0.630994 -0.676828 0.379144 0.000000 -0.980782 -0.195104 0.000000 -0.923869 -0.382708 0.000000 -0.382691 -0.923877 0.000000 -0.195091 -0.980785 0.000000 -0.923871 -0.382704 0.000000 -0.195091 -0.980785 -0.051166 0.412853 0.909359 -0.051165 0.412847 0.909362 0.000000 -0.980783 0.195101 0.000000 -0.923872 0.382701 0.000000 -0.382692 0.923876 0.000000 -0.195087 0.980786 0.000000 -0.923871 0.382703 0.000000 -0.195094 0.980785 0.000000 -1.000000 0.000000 0.000000 -1.000000 0.000000 0.000000 -1.000000 0.000000 0.000000 -1.000000 0.000000 0.000000 0.923880 -0.382683 0.000000 0.195089 -0.980785 0.000000 0.980785 -0.195093 0.000000 0.382682 -0.923880 0.000000 0.382684 -0.923879 0.000000 0.382684 -0.923880 0.000000 0.923879 -0.382684 0.000000 0.980785 -0.195090 0.000000 0.985557 -0.169344 0.000000 0.195090 -0.980785 0.000000 0.923879 -0.382684 0.000000 -1.000000 0.000000 0.000000 -1.000000 0.000000 0.000000 -1.000000 0.000000 0.000000 -1.000000 0.000000 0.000098 0.214147 0.976801 0.000409 0.449312 0.893375 0.000202 0.215627 0.976476 0.000001 0.940777 0.339025 0.000060 0.995871 0.090778 0.000219 0.945794 0.324768 0.089369 0.220401 -0.971307 0.033263 0.022363 -0.999196 0.000128 -0.711775 0.702407 
						0.000002 0.932611 0.360884 -0.000558 -0.717256 0.696810 -0.019683 0.872001 -0.489109 0.018790 0.872054 -0.489049 0.000000 1.000000 0.000000 0.000000 1.000000 0.000000 0.000000 1.000000 0.000000 0.000000 1.000000 0.000000 0.000000 1.000000 0.000000 0.000000 1.000000 0.000000 -0.046812 0.751722 -0.657816 -0.095585 0.656554 -0.748198 -0.005384 -0.155343 -0.987846 -0.029079 -0.259927 -0.965190 -0.001722 0.721283 0.692638 -0.030366 0.728068 0.684832 -0.032441 0.965292 -0.259151 -0.090193 0.967473 -0.236348 0.906578 0.407703 -0.109061 0.046711 0.769725 -0.636665 -0.136850 0.613175 -0.778003 0.005988 -0.102799 -0.994684 0.001601 0.716832 0.697244 -0.047701 0.723296 0.688889 0.032095 0.966595 -0.254292 -0.382692 -0.451530 -0.806019 -0.379085 -0.327896 -0.865320 -0.091833 0.442376 -0.892116 -0.091833 0.442376 -0.892116 0.931053 0.212725 0.296461 0.100947 0.956318 -0.274345 0.919244 -0.026578 -0.392789 0.382538 -0.477374 -0.791062 0.032081 -0.227342 -0.973286 -0.976092 0.192799 -0.100365 -0.988476 0.115153 -0.098265 -0.975844 0.194033 -0.100394 -0.368752 0.928739 -0.038279 -0.173975 0.984564 -0.019127 -0.077021 0.996997 -0.007988 0.172296 0.984913 -0.016139 0.368550 0.929045 -0.032345 0.080039 0.996767 -0.007017 0.990599 0.104182 -0.088650 0.993188 0.076626 -0.087781 0.993223 0.076190 -0.087767 0.000000 0.000000 1.000000 -0.049561 -0.146603 0.987953 0.000000 0.000001 1.000000 -0.000009 -1.000000 0.000000 1.000000 0.000000 0.000000 0.000000 0.000000 -1.000000 0.000000 0.000000 -1.000000 0.000000 0.000000 -1.000000 1.000000 0.000000 0.000000 0.000000 0.000000 1.000000 0.000000 0.000000 1.000000 0.000000 0.000000 1.000000 -1.000000 0.000000 0.000000 0.000000 1.000000 0.000000 0.000000 1.000000 0.000000 0.000000 1.000000 0.000000 -0.000000 -1.000000 0.000000 0.000000 0.000000 -1.000000 
						0.000000 1.000000 0.000000 0.000000 1.000000 0.000000 0.000000 1.000000 0.000000 0.000000 1.000000 0.000000 0.000000 0.985557 -0.169344 0.000000 1.000000 0.000000 0.000000 0.000000 -1.000000 0.000000 0.000000 -1.000000 0.000000 0.000000 -1.000000 0.000000 1.000000 0.000000 -0.000000 1.000000 0.000000 0.000000 1.000000 0.000000 0.000000 1.000000 0.000000 1.000000 0.000000 0.000000 1.000000 0.000000 0.000000 -0.889753 0.139841 0.434494 -0.970695 -0.021936 0.239311 -0.902869 0.112251 0.415002 0.642816 0.207446 0.737397 0.928717 0.145993 0.340839 0.777147 0.227395 0.586800 -0.997647 -0.067688 0.010911 -0.999218 -0.025105 0.030534 -0.999115 0.000000 0.042060 -1.000000 0.000000 0.000000 -0.984812 0.170915 -0.030549 0.000001 -0.872433 0.488733 -0.000000 -0.872433 0.488733 0.051287 -0.850134 0.524062 1.000000 0.000000 0.000000 -0.011600 -0.011204 -0.999870 0.000000 -0.000000 -1.000000 0.195100 -0.000000 -0.980783 -0.150894 -0.483133 -0.862446 0.000000 -0.488730 -0.872435 0.000000 -0.488738 -0.872431 0.000000 0.000000 -1.000000 0.000000 0.000000 -1.000000 0.000000 0.000000 -1.000000 0.000001 1.000000 0.000000 0.000005 1.000000 0.000000 0.000001 1.000000 0.000000 0.031759 0.737143 0.674990 -0.000000 0.995175 0.098119 0.000063 -0.000034 1.000000 0.914635 -0.401559 -0.046830 0.924769 -0.379332 -0.030157 0.895250 -0.439117 -0.075526 -0.919941 -0.388592 -0.052007 -0.931208 -0.362977 -0.033151 -0.948402 -0.317069 0.000000 0.000001 -0.872434 0.488733 0.000000 -1.000000 0.000000 0.000000 0.000000 -1.000000 0.000000 1.000000 0.000000 -1.000000 0.000000 0.000000 1.000000 0.000000 0.000000 0.000000 0.984673 -0.174411 1.000000 0.000000 0.000000 -1.000000 0.000000 0.000000 0.000000 0.000000 -1.000000 1.000000 0.000000 0.000000 0.000000 -1.000000 0.000000 0.000000 1.000000 0.000000 
						0.000000 0.000000 1.000000 -1.000000 0.000000 0.000000 0.000000 0.000000 -1.000000 0.000000 1.000000 0.000000 0.000000 0.000000 -1.000000 -0.589968 0.551268 0.589950 -0.330665 0.555995 0.762581 -0.589968 0.551268 0.589950 -0.135407 0.379975 0.915032 -0.136856 -0.379139 -0.915163 -0.303749 0.903039 -0.303739 0.198323 0.911999 0.359062 0.584174 0.563484 -0.584146 0.584174 0.563484 -0.584146 0.328396 0.564393 -0.757375 0.163165 0.203054 -0.965477 0.908461 0.237819 -0.343716 0.000000 0.954324 0.298774 0.012093 0.900435 0.434823 0.017941 0.700911 0.713023 0.012093 0.900435 0.434823 -0.020500 0.698986 0.714841 -0.923871 -0.382704 0.000003 -0.382687 0.923878 0.000001 0.923877 -0.382690 0.000000 0.382683 0.923880 0.000001 0.858469 0.426794 -0.284390 0.185110 0.965126 -0.185112 0.284385 0.426800 -0.858468 -0.836958 0.485979 -0.251647 -0.294961 0.496210 -0.816562 -0.171242 0.974800 -0.142971 -0.923880 -0.382682 0.000002 -0.923879 0.382685 0.000000 -0.167917 0.937270 0.305496 -0.159265 0.968407 0.191890 -0.042335 0.988053 0.148185 -0.864807 0.461552 -0.197684 0.011477 -0.553854 0.832535 0.118605 -0.696224 0.707958 -0.458928 0.888473 -0.000002 -0.458921 0.888477 0.000009 -0.889887 0.015041 -0.455933 -0.866228 0.076515 -0.493755 -0.885627 0.215829 -0.411198 -0.866228 0.076515 -0.493755 -0.889887 0.015041 -0.455933 0.981052 0.021191 -0.192584 -0.516085 0.655250 0.551637 -0.516085 0.655250 0.551637 -0.991954 0.018618 0.125221 -0.570124 -0.584822 0.577011 0.488467 0.749344 0.447084 0.488467 0.749344 0.447084 0.981731 -0.085184 0.170144 0.540136 0.732156 0.414971 -0.000000 0.954323 0.298776 0.000001 0.954323 0.298778 0.126838 0.139390 -0.982081 0.163577 0.376065 -0.912040 0.089369 0.220401 -0.971307 0.163577 0.376065 -0.912040 -0.131024 0.130278 -0.982782 -0.170396 0.346234 -0.922544 
						-0.091833 0.442376 -0.892116 -0.170396 0.346234 -0.922544 -0.010364 0.931569 0.363417 -0.049978 -0.659425 0.750107 0.053697 0.996451 -0.064818 -0.056073 0.996115 -0.067904 0.096453 -0.144695 -0.984764 0.285239 0.644702 -0.709224 0.124755 0.697244 0.705895 0.202797 0.978303 -0.042384 -0.896275 0.302358 0.324455 -0.208047 0.977515 -0.034368 -0.915178 0.263847 -0.304686 -0.923883 -0.382676 0.000000 0.923878 0.000000 -0.382687 0.923883 -0.382675 0.000000 0.198041 0.000941 0.980193 0.940298 0.001484 0.340348 0.000000 0.923878 -0.382688 0.000000 0.382690 -0.923877 -0.189827 -0.907071 0.375751 0.000000 0.382682 -0.923880 -0.923880 0.000000 -0.382682 0.382685 0.000000 -0.923879 0.985557 0.000000 -0.169346 0.758998 0.651093 0.000000 0.202598 0.979116 0.016916 0.202598 0.979116 0.016916 0.202598 0.979116 0.016916 0.923867 0.000000 -0.382713 -0.002606 0.968334 0.249646 0.630490 -0.677177 0.379360 -0.020500 0.698986 0.714841 0.000116 0.429741 0.902952 0.000016 -0.721104 0.692827 0.092326 0.688436 -0.719397 0.091196 0.964322 -0.248528 -0.054430 -0.006111 -0.998499 0.981052 0.021191 -0.192584 0.984802 0.018991 -0.172640 0.889878 0.049902 -0.453462 -0.988713 0.113153 -0.098203 -0.324381 0.945252 -0.035725 0.323898 0.945604 -0.030398 0.990527 0.104847 -0.088670 0.000000 0.000000 -1.000000 -1.000000 0.000000 0.000000 0.000000 0.000000 -1.000000 -0.000000 1.000000 0.000000 -0.666704 0.250209 0.702070 -0.728840 0.255922 0.635056 -0.645797 0.279275 0.710599 0.974368 0.069707 0.213888 0.926233 0.166523 0.338177 0.657595 0.184686 0.730383 -0.995825 -0.091279 0.000000 0.000000 -0.872434 0.488731 0.000000 -0.872435 0.488731 -0.007616 -0.007355 -0.999944 -0.045281 -0.043735 -0.998016 0.013512 -0.013088 -0.999823 0.053362 -0.051690 -0.997237 0.008938 -0.008656 -0.999923 0.000000 1.000000 0.000000 
						0.000000 -0.000377 1.000000 0.941011 -0.338376 0.000000 -0.898817 -0.430331 -0.083326 0.000000 -0.872433 0.488733 
					</float_array>
					<technique_common>
						<accessor count="1156" offset="0" source="#meshId24-normals-array" stride="3">
							<param name="X" type="float" />
							<param name="Y" type="float" />
							<param name="Z" type="float" />
						</accessor>
					</technique_common>
				</source>
				<source id="meshId24-tangents" name="meshId24-tangents">
					<float_array id="meshId24-tangents-array" count="3468"> 
						0.000000 -1.000000 0.000000 -0.000000 -1.000000 0.000000 -0.000000 -1.000000 0.000000 -0.000000 -1.000000 0.000000 -0.000000 -1.000000 0.000000 -0.000000 -1.000000 0.000000 0.000000 -1.000000 0.000000 0.000000 -1.000000 0.000000 -0.000000 -1.000000 0.000000 -0.000000 -1.000000 0.000000 0.000000 -1.000000 0.000000 0.000000 -1.000000 0.000000 0.000000 -1.000000 0.000000 0.000000 -1.000000 0.000000 -0.000000 0.000000 -1.000000 -0.000000 0.000000 -1.000000 0.000000 0.000000 -1.000000 0.000000 -1.000000 0.000000 0.000000 -1.000000 0.000000 0.000000 -1.000000 0.000000 0.000001 -0.087541 -0.996161 -0.000002 0.000000 -1.000000 0.000001 -0.087543 -0.996161 0.000000 1.000000 -0.000050 0.000000 1.000000 -0.000050 0.000000 1.000000 -0.000050 0.000000 -1.000000 0.000050 0.000000 -1.000000 0.000052 0.000000 -1.000000 0.000050 0.000000 -0.087543 -0.996161 0.000003 -0.174411 -0.984673 0.000001 -0.087541 -0.996161 0.000000 -0.980049 0.198757 0.000000 -0.980048 0.198761 0.000000 -0.980049 0.198758 -0.000000 -0.174411 -0.984673 -0.000000 -0.087542 -0.996161 -0.000000 -0.174411 -0.984673 0.000000 -0.980044 0.198779 0.000000 -0.980044 0.198779 0.000000 0.987508 -0.157571 0.000000 0.987509 -0.157563 0.000000 0.987512 -0.157546 0.000000 -1.000000 0.000000 0.000000 -1.000000 0.000000 0.000000 -1.000000 0.000000 0.000000 -0.980042 0.198789 -0.000000 -0.087541 -0.996161 -0.000000 0.000000 -1.000000 0.000000 0.987512 -0.157544 0.000000 0.000000 -1.000000 0.000000 0.000000 -1.000000 -0.000000 0.000000 -1.000000 0.000000 -1.000000 0.000000 0.000000 -1.000000 0.000000 0.000000 -1.000000 0.000000 0.000000 0.987507 -0.157574 0.000000 0.987508 -0.157571 0.000000 -1.000000 0.000000 0.000000 -1.000000 0.000000 0.000000 -1.000000 0.000000 0.000000 -1.000000 0.000051 0.000000 -1.000000 0.000052 0.000000 -1.000000 0.000050 
						0.000000 -1.000000 0.000052 0.000000 -1.000000 0.000055 0.000000 -1.000000 0.000053 0.000000 -1.000000 0.000052 0.000000 -1.000000 0.000052 0.000000 -1.000000 0.000052 -0.000000 -0.000000 -1.000000 0.000000 0.000000 -1.000000 -0.000000 0.000000 -1.000000 0.000000 1.000000 -0.000059 -0.000000 1.000000 -0.000043 0.000000 1.000000 -0.000060 0.000000 1.000000 -0.000049 0.000000 1.000000 -0.000049 0.000000 1.000000 -0.000049 0.000000 1.000000 -0.000049 0.000000 1.000000 -0.000047 0.000000 1.000000 -0.000050 -0.000002 0.000000 -1.000000 -0.000002 0.000000 -1.000000 -0.000002 0.000000 -1.000000 -0.000002 0.000000 -1.000000 -0.000002 0.000000 -1.000000 -0.000000 0.000000 -1.000000 0.000000 0.000000 -1.000000 -0.000000 0.000000 -1.000000 -0.000000 0.000000 -1.000000 0.000000 -1.000000 0.000000 0.000000 -1.000000 0.000000 0.000000 -1.000000 0.000000 0.000000 -1.000000 0.000000 0.000000 -1.000000 0.000000 0.000000 -1.000000 0.000000 -0.000060 0.000000 -1.000000 -0.000004 0.000000 -1.000000 0.000000 0.000000 -1.000000 -0.000062 0.000000 -1.000000 -0.000000 -0.087541 -0.996161 0.000000 0.000000 -1.000000 -0.000000 -0.087543 -0.996161 0.000000 0.000000 -1.000000 0.000000 -1.000000 0.000000 0.000000 -1.000000 0.000000 -0.000000 -0.174411 -0.984673 0.000000 -0.174411 -0.984673 0.000003 -0.174411 -0.984673 0.000003 -0.174411 -0.984673 -0.000002 0.000000 -1.000000 -0.000002 0.000000 -1.000000 0.000000 -1.000000 0.000000 0.000000 -1.000000 0.000000 0.000000 -1.000000 0.000000 0.000000 -1.000000 0.000000 0.000000 0.000000 -1.000000 0.000000 0.000000 -1.000000 0.000000 0.000000 -1.000000 0.000000 0.000000 -1.000000 0.000000 -1.000000 0.000000 0.000001 -1.000000 0.000000 0.000001 -1.000000 0.000000 0.000000 -1.000000 0.000000 0.000000 -1.000000 0.000000 0.000000 -1.000000 0.000000 -0.000000 -1.000000 0.000000 
						0.000000 -1.000000 0.000000 -0.000000 -1.000000 0.000000 0.000000 -1.000000 0.000000 0.000000 -1.000000 0.000000 -0.000000 -1.000000 0.000000 0.000000 -1.000000 0.000000 0.000000 -1.000000 0.000000 -0.000000 -1.000000 0.000000 -0.000000 -1.000000 0.000000 0.000000 -1.000000 0.000000 0.231280 0.711685 -0.663336 -0.186683 0.442513 -0.877116 0.298358 0.738734 -0.604363 -0.037513 -0.652373 0.756969 0.027878 -0.716311 0.697224 -0.054209 -0.564272 0.823807 -0.380701 -0.873598 0.303138 -0.573319 -0.760186 0.305651 -0.604350 -0.738751 0.298342 0.177743 0.983706 -0.027011 0.307638 0.944991 -0.111130 0.383333 0.923609 -0.001382 0.031435 -0.981626 0.188206 0.130093 -0.914017 0.384250 0.124354 -0.972335 0.197738 -0.025405 0.177202 -0.983846 -0.107208 0.305888 -0.946012 0.001361 0.382020 -0.924153 -0.177540 0.983761 -0.026343 -0.305889 0.945699 -0.109930 -0.382648 0.923894 -0.000138 -0.031584 -0.981676 0.187924 -0.132736 -0.914089 0.383174 -0.126059 -0.972150 0.197569 0.026257 0.177572 -0.983757 0.109837 0.305944 -0.945692 -0.000005 0.382706 -0.923870 0.203316 0.979093 0.006318 0.408227 0.912877 0.002501 0.205322 0.978619 0.012198 -0.254958 -0.350709 -0.901110 -0.241726 -0.265662 -0.933270 -0.016333 -0.156682 -0.987514 -0.095148 -0.978095 -0.185142 -0.249426 -0.892003 -0.376985 -0.063299 -0.919819 -0.387204 0.246450 -0.968905 -0.022055 0.489450 -0.871678 -0.024825 0.141931 -0.989475 -0.028180 -0.141903 0.379362 -0.914302 -0.113705 0.269528 -0.956256 -0.009693 0.158432 -0.987322 0.034092 -0.986178 0.162147 0.115123 -0.917602 0.380466 0.034190 -0.920808 0.388516 0.385229 -0.869746 -0.308450 0.577426 -0.754520 -0.311895 0.607766 -0.733661 -0.303912 0.237459 -0.706546 -0.666637 -0.185359 -0.438922 -0.879198 0.303921 -0.733677 -0.607741 -0.037975 0.637152 0.769802 0.029005 0.704768 0.708845 -0.050267 0.551821 0.832446 
						-0.043024 -0.993463 -0.105741 -0.255888 -0.939139 -0.229213 -0.145831 -0.984763 -0.094739 -0.028732 -0.333900 -0.942170 -0.264174 -0.249168 -0.931734 0.005963 -0.639447 -0.768812 0.167581 -0.984002 0.060466 0.310298 -0.948721 0.060362 0.163278 -0.986386 0.019560 -0.000000 -0.977453 0.211154 -0.000001 -0.886078 0.463536 -0.000010 -0.910554 0.413390 -0.053456 0.178623 -0.982464 -0.000013 0.363133 -0.931737 -0.000004 0.195092 -0.980785 -0.000006 0.363133 -0.931737 -0.017250 0.195058 -0.980640 -0.012485 -0.989000 -0.147384 -0.000092 -0.923882 -0.382677 -0.000094 -0.923878 -0.382688 -0.738473 -0.120295 -0.663466 -0.712188 -0.067960 -0.698692 -0.707122 -0.000036 -0.707092 0.019771 0.181379 -0.983214 -0.083796 0.711682 -0.697486 0.013191 0.195070 -0.980701 -0.171097 0.701991 -0.691328 -0.008073 0.067294 -0.997701 0.007249 -0.713210 0.700913 -0.008222 -0.715085 0.698989 -0.000001 -0.980785 0.195090 -0.382676 0.923883 -0.000130 -0.195097 0.980784 -0.000074 -0.195097 0.980784 -0.000098 0.013545 -0.002694 -0.999905 -0.000000 0.000000 -1.000000 0.004446 -0.001841 -0.999988 -0.013545 0.002694 -0.999905 -0.000000 0.000000 -1.000000 -0.382680 0.923881 -0.000113 -0.195093 0.980785 -0.000078 0.195091 0.980785 -0.000062 0.382683 0.923880 -0.000043 0.382684 0.923879 -0.000086 0.195091 0.980785 -0.000043 0.195088 0.980786 -0.000041 -0.000002 -0.000000 -1.000000 -0.025051 -0.010377 -0.999632 -0.000004 -0.000001 -1.000000 0.025047 0.010376 -0.999632 -0.000001 -0.000000 -1.000000 -0.195095 -0.980784 0.000076 -0.382686 -0.923878 0.000153 -0.195091 -0.980785 0.000108 -0.382685 -0.923879 0.000085 -0.195090 -0.980785 0.000070 0.015816 0.003146 -0.999870 0.000008 0.000004 -1.000000 0.051514 0.021340 -0.998444 -0.015805 -0.003144 -0.999870 0.000015 0.000003 -1.000000 0.195090 -0.980785 0.000062 0.382682 -0.923880 0.000065 0.195088 -0.980786 0.000054 
						-0.000002 0.000001 -1.000000 -0.057232 0.023708 -0.998079 -0.000002 0.000000 -1.000000 0.057229 -0.023706 -0.998080 -0.000002 0.000000 -1.000000 0.195086 -0.980786 0.000057 0.382684 -0.923879 0.000064 0.383926 -0.918841 -0.091282 0.188854 -0.976148 -0.107091 0.199913 -0.979814 0.000027 -0.042574 -0.042959 -0.998169 -0.072474 -0.012498 -0.997292 -0.000004 0.000001 -1.000000 0.003098 -0.098145 -0.995167 -0.000004 0.000000 -1.000000 -0.000004 -0.338336 -0.941025 0.000482 -0.195091 -0.980785 0.106753 -0.976159 -0.188989 0.095404 -0.918742 -0.383159 0.000032 -0.979816 -0.199902 0.429680 0.861874 0.269348 0.505278 0.857687 0.095225 0.521904 0.853004 -0.000040 -0.099389 -0.912557 -0.396688 -0.137821 -0.963558 -0.229263 0.000039 -0.982444 -0.186558 -0.000020 -0.088781 -0.996051 0.000021 -0.330419 -0.943834 0.002133 -0.195089 -0.980783 0.042055 -0.030007 -0.998665 -0.000002 0.000000 -1.000000 0.072896 -0.001079 -0.997339 -0.000002 -0.000000 -1.000000 0.004878 -0.000969 -0.999988 -0.000000 0.000000 -1.000000 0.010353 -0.004286 -0.999937 -0.004879 0.000969 -0.999988 -0.000000 0.000000 -1.000000 -0.195091 0.980785 -0.000070 -0.382678 0.923882 -0.000086 -0.195087 0.980786 -0.000070 -0.382666 0.923887 -0.000087 -0.195083 0.980787 -0.000071 0.394633 -0.918839 0.000061 0.221825 -0.975086 0.000062 0.187903 -0.982188 0.000059 -0.029320 -0.011772 -0.999501 -0.033092 -0.001578 -0.999451 -0.008407 -0.009468 -0.999920 0.003755 -0.022669 -0.999736 -0.060935 -0.007670 -0.998112 0.208734 -0.977972 0.000062 0.436007 -0.899943 0.000062 0.382697 -0.923874 0.000079 0.025046 0.010374 -0.999632 0.022095 0.004395 -0.999746 -0.000001 -0.000000 -1.000000 0.195091 0.980785 -0.000053 0.382684 0.923879 -0.000065 0.195089 0.980786 -0.000060 0.195093 0.980785 -0.000044 0.382684 0.923879 -0.000048 -0.019467 -0.003872 -0.999803 0.038925 0.016123 -0.999112 
						-0.051533 -0.021346 -0.998443 -0.004395 -0.000705 -0.999990 0.016892 0.000246 -0.999857 0.008564 -0.001541 -0.999962 -0.199529 -0.979892 0.000068 -0.383116 -0.923700 0.000045 -0.195091 -0.980785 0.000049 -0.223928 -0.974606 0.000107 -0.393823 -0.919186 0.000088 0.004130 -0.001726 -0.999990 0.001350 -0.001308 -0.999998 0.953530 0.233080 -0.190930 0.953530 0.233080 -0.190930 0.953530 0.233080 -0.190930 -0.909309 0.370348 -0.189733 -0.909309 0.370348 -0.189733 -0.909309 0.370348 -0.189733 0.053724 -0.006946 -0.998532 0.330993 0.235500 -0.913774 0.034561 0.078515 -0.996314 0.161755 0.153139 -0.974876 0.156898 0.001303 -0.987614 0.015091 -0.000000 -0.999886 1.000000 0.000000 0.000000 0.703902 -0.526648 -0.476617 1.000000 0.000000 0.000000 -0.905765 -0.416689 -0.077195 -0.884336 -0.394226 -0.250072 -0.749739 -0.497093 -0.436795 0.695637 -0.450508 -0.559582 0.710181 -0.337894 -0.617633 -0.003845 0.013192 -0.999906 0.000001 -0.000002 -1.000000 0.013270 0.086193 -0.996190 0.003845 -0.013192 -0.999906 -0.000000 -0.000000 -1.000000 0.664125 0.747438 -0.016569 0.664136 0.747432 0.016415 0.195090 0.980785 -0.000064 0.664126 0.747437 -0.016575 0.664135 0.747433 0.016428 0.195093 0.980785 -0.000060 -0.003858 0.013190 -0.999906 -0.000007 0.000006 -1.000000 0.013268 0.086191 -0.996190 0.003844 -0.013192 -0.999906 -0.000014 -0.000002 -1.000000 0.095467 0.825837 -0.555770 0.272576 0.760550 -0.589293 0.162624 0.820552 -0.547949 0.030751 0.851783 -0.522991 0.098777 0.779751 -0.618249 -0.000008 -0.885469 -0.464698 -0.000008 -0.885469 -0.464698 -0.000008 -0.885469 -0.464698 0.016918 -0.142784 -0.989609 -0.037927 -0.129954 -0.990794 -0.023111 0.000000 -0.999733 0.037783 -0.031575 -0.998787 0.079844 -0.221943 -0.971785 0.034870 -0.643282 0.764835 0.000002 -0.790413 0.612574 0.170555 -0.761005 0.625925 -0.130288 -0.576516 -0.806632 
						0.000002 -0.569045 -0.822306 0.011833 -0.568622 -0.822514 0.041540 -0.812753 0.581126 -0.000011 -0.701425 0.712744 0.145121 -0.738937 0.657961 -0.184163 0.508729 -0.840999 -0.089665 0.237870 -0.967149 -0.007960 0.130896 -0.991364 0.033392 -0.797189 0.602805 -0.035290 -0.573384 0.818526 0.010700 -0.813554 0.581392 -0.001219 0.849515 -0.527563 0.095794 0.897314 -0.430872 -0.021156 0.833681 -0.551841 0.244837 0.812344 -0.529294 0.042177 0.883596 -0.466346 0.068551 0.854203 -0.515401 -0.011034 0.210492 -0.977533 -0.101794 0.118801 -0.987686 0.000039 0.360764 -0.932657 -0.133819 0.772237 -0.621081 -0.024228 0.761410 -0.647818 -0.035651 0.829388 -0.557535 0.038508 -0.626553 -0.778427 0.217823 -0.714865 -0.664470 0.046600 -0.518017 -0.854100 0.125181 -0.869832 0.477203 0.203493 -0.905077 0.373398 0.286537 -0.799739 0.527555 0.020116 -0.844356 0.535404 0.080728 -0.908671 0.409633 0.124941 -0.531837 0.837579 0.019656 -0.774873 0.631812 0.000016 -0.804178 0.594388 -0.001545 0.189477 -0.981884 0.060951 0.491047 -0.868998 0.000044 0.122959 -0.992412 -0.095487 -0.802353 0.589162 -0.219013 -0.804851 0.551587 -0.037489 -0.829822 0.556768 -0.041221 0.225018 -0.973482 -0.062308 0.441347 -0.895171 -0.023303 0.042305 -0.998833 0.000039 -0.659577 -0.751637 0.053596 -0.636870 -0.769106 -0.045746 -0.765127 -0.642252 -0.000001 0.178881 -0.983871 0.000002 0.363134 -0.931737 -0.000002 0.121886 -0.992544 -0.000003 0.363136 -0.931736 -0.000001 0.195089 -0.980785 -0.000002 -0.977453 0.211155 0.000000 -0.886076 0.463541 -0.000012 -0.910554 0.413391 -0.000009 0.363135 -0.931737 -0.000000 0.178880 -0.983871 -0.000001 0.195088 -0.980786 -0.000001 -0.977453 0.211153 -0.000001 -0.886077 0.463539 -0.000009 -0.910554 0.413391 0.000007 0.363133 -0.931737 0.000003 0.195090 -0.980785 0.000000 -0.488731 -0.872434 0.000000 -0.488733 -0.872433 
						0.000000 -0.488733 -0.872433 1.000000 0.000000 0.000000 0.000000 -0.488733 -0.872433 0.000000 -0.488734 -0.872433 0.000000 -0.488733 -0.872433 1.000000 0.000000 0.000000 -0.561605 -0.806012 -0.186933 -0.564667 -0.792128 -0.231698 -0.573907 -0.818065 -0.037414 -0.441265 -0.768304 -0.463675 -0.664871 -0.722794 -0.188458 -0.032977 -0.995764 -0.085834 -0.327466 -0.598587 -0.731067 -0.563144 -0.723475 -0.399315 -0.133380 -0.865611 -0.482626 -0.156980 -0.959903 -0.232257 -0.142724 -0.709593 -0.690006 -0.000491 -0.913420 -0.407018 0.061563 -0.733797 -0.676573 0.029140 -0.976263 -0.214621 0.000581 -0.917093 -0.398673 0.229933 -0.650115 -0.724211 0.333485 -0.860726 -0.384629 -0.682728 0.706935 0.184732 -0.685640 0.621607 0.378817 -0.697979 0.715326 0.033670 -0.320803 -0.931676 -0.170486 -0.656874 -0.753899 -0.012364 -0.111339 -0.993624 -0.017753 -0.009371 0.181717 -0.983306 -0.908671 0.109534 -0.402889 -0.386594 0.146695 -0.910509 -0.000029 -0.604063 -0.796937 0.000008 -0.789202 -0.614133 -0.000057 -0.703126 -0.711065 -0.054912 0.365052 -0.929366 -0.000020 0.188350 -0.982102 -0.003064 0.073164 -0.997315 -0.144048 0.142566 -0.979247 0.396448 0.245047 -0.884749 0.000427 0.252443 -0.967612 -0.001041 0.115230 -0.993338 -0.000003 0.191433 -0.981506 0.980254 -0.176273 -0.089610 0.980254 -0.176273 -0.089610 0.980254 -0.176273 -0.089610 0.013934 -0.404567 0.914402 -0.000836 -0.476631 0.879103 -0.380682 -0.510030 0.771330 -0.243827 0.085317 -0.966059 0.057993 -0.067914 -0.996004 -0.038487 0.404916 -0.913543 -0.138313 -0.056766 -0.988760 -0.500763 0.023482 -0.865266 0.173379 -0.418661 -0.891438 0.010478 -0.246459 -0.969096 0.000115 -0.421110 -0.907009 0.514165 -0.363355 -0.776922 0.003848 -0.453497 0.891250 -0.014905 -0.384417 0.923039 0.380464 -0.520652 0.764309 -0.501561 -0.373183 -0.780494 0.009547 -0.067473 -0.997675 -0.044022 -0.268229 -0.962349 
						0.070041 -0.229631 -0.970754 -0.134477 -0.409155 -0.902501 -0.096160 -0.418457 -0.903132 0.403156 -0.027299 -0.914724 0.291106 0.069997 -0.954126 0.516193 0.024394 -0.856125 0.000194 -0.941573 0.336808 -0.065196 -0.989887 0.125991 -0.013715 -0.928861 0.370174 -0.017397 -0.638315 -0.769578 -0.021312 -0.786221 -0.617578 0.011277 -0.654079 -0.756343 0.180552 -0.874911 0.449368 0.347471 -0.864532 0.363109 0.390661 -0.811878 0.433865 0.058268 -0.761969 0.644986 0.049245 -0.694889 0.717429 0.016957 -0.802492 0.596422 0.229328 -0.863901 0.448423 0.450208 -0.799277 0.398082 0.132698 -0.885249 0.445786 -0.116328 -0.001800 -0.993209 -0.124003 -0.179620 -0.975890 -0.008825 -0.278979 -0.960257 0.204734 0.814674 -0.542578 0.373847 0.713876 -0.592131 0.405668 0.774426 -0.485487 0.004223 -0.804732 0.593623 0.017204 -0.679154 0.733794 0.044944 -0.755400 0.653721 0.004628 -0.212852 -0.977074 -0.016481 -0.012525 -0.999786 0.010608 -0.276064 -0.961081 0.187915 0.841000 -0.507352 0.383155 0.732617 -0.562551 0.197584 0.786511 -0.585116 -0.031596 -0.643717 -0.764611 -0.132731 -0.781035 -0.610219 -0.126009 -0.647502 -0.751573 -0.031321 -0.944604 0.326713 -0.109900 -0.974568 0.195294 -0.000137 -0.993050 0.117697 -0.000000 0.000000 -1.000000 -0.000000 0.000000 -1.000000 -0.000000 0.000000 -1.000000 -0.382678 0.923882 -0.000085 -0.186601 0.982435 0.000542 -0.195090 0.980785 -0.000067 -0.000000 -1.000000 -0.000000 -0.000000 -1.000000 -0.000000 0.105212 0.988889 -0.105015 -0.000010 1.000000 -0.000051 -0.000014 1.000000 -0.000033 0.388718 0.921357 -0.000059 0.000000 -1.000000 0.000000 0.000000 -1.000000 -0.000000 -0.104617 0.989012 -0.104451 0.000008 1.000000 -0.000039 0.000014 1.000000 -0.000034 -0.000000 0.382703 -0.923871 -0.000000 0.195104 -0.980783 0.000002 -0.923889 0.382661 0.000001 -0.980788 0.195077 0.392736 -0.596022 -0.700369 
						0.398855 -0.594460 -0.698235 0.000008 -0.980324 -0.197394 0.000003 -0.996969 -0.077800 -0.186742 -0.982409 0.000646 0.000015 -1.000000 0.000036 0.000008 -1.000000 0.000042 0.000000 -1.000000 0.000000 0.000003 -1.000000 0.000001 0.000001 -1.000000 0.000001 -0.000000 -0.000000 -1.000000 -0.051512 -0.021339 -0.998444 -0.005727 -0.005725 -0.999967 -0.003110 -0.003480 -0.999989 0.414615 -0.909997 0.000043 0.195075 -0.980788 0.000063 0.382689 -0.923877 0.000071 0.001990 -0.999997 0.001569 0.001393 -0.999998 0.001543 0.003791 -0.999990 0.002174 0.003138 -0.999992 0.002639 -0.180826 -0.979958 -0.083568 0.001676 -0.999998 0.001168 0.000000 0.382703 -0.923871 -0.000000 0.195101 -0.980783 0.000040 -0.980787 0.195084 0.000085 -0.923884 0.382673 -0.056514 -0.141186 -0.988369 0.000009 -0.985557 -0.169345 -0.000000 -0.195099 -0.980784 0.000006 -0.382697 -0.923874 0.000010 -0.062647 -0.998036 -0.000005 -0.923880 -0.382681 0.000576 -0.982435 -0.186603 -0.000009 -0.923881 -0.382681 0.000009 -0.910554 0.413389 -0.042372 -0.000000 -0.999102 -0.001730 -0.146718 -0.989177 0.000000 -0.382704 -0.923871 0.000000 -0.195099 -0.980783 -0.000045 -0.923886 -0.382668 -0.000020 -0.980785 -0.195090 -0.000043 -0.923878 -0.382687 -0.000000 0.195103 -0.980783 -0.000011 0.382704 -0.923871 0.000007 0.062151 -0.998067 -0.000000 -0.923879 0.382685 -0.000598 -0.982405 0.186761 -0.000033 -0.923871 0.382704 0.102324 0.000000 -0.994751 0.161188 0.000000 -0.986924 -0.000216 0.000000 -1.000000 0.104395 0.104643 -0.989015 0.382684 0.923879 -0.000035 -0.009462 -0.003150 -0.999950 -0.105885 -0.050906 -0.993074 0.382683 -0.923880 0.000083 0.007546 -0.003126 -0.999967 0.382683 -0.923880 0.000062 0.169344 -0.985557 0.000057 0.531321 0.847171 -0.000082 0.531511 0.847052 -0.000082 -0.003895 -0.000337 -0.999992 -0.007211 -0.001525 -0.999973 -0.000000 0.000000 -1.000000 
						0.000000 0.000000 -1.000000 -0.000000 0.000000 -1.000000 0.000000 0.000000 -1.000000 -0.000000 0.000000 -1.000000 -0.000000 0.000000 -1.000000 0.096073 -0.380913 -0.919606 0.051725 -0.194834 -0.979471 -0.047233 -0.979691 -0.194871 -0.099853 -0.919263 -0.380770 -0.000000 0.000000 -1.000000 0.000000 0.000000 -1.000000 0.000000 -1.000000 0.000054 0.000000 -1.000000 0.000050 0.000000 -1.000000 0.000055 0.000000 1.000000 -0.000041 0.000000 1.000000 -0.000039 0.000000 1.000000 -0.000044 -0.045168 -0.988698 -0.142955 -0.099992 -0.919249 -0.380767 -0.046141 -0.979741 -0.194883 0.018927 -0.382616 -0.923714 0.038945 -0.194943 -0.980041 0.088983 -0.381166 -0.920215 0.012999 -0.999901 -0.005384 0.000015 1.000000 -0.000035 0.000008 1.000000 -0.000043 0.000007 1.000000 -0.000044 0.048288 -0.988620 -0.142471 0.000015 -1.000000 0.000036 -0.000000 -1.000000 -0.000000 -0.000000 -1.000000 -0.000000 -0.000010 1.000000 -0.000049 -0.000012 1.000000 -0.000030 -0.000000 -1.000000 0.000000 -0.148132 -0.977705 -0.148830 0.000017 1.000000 -0.000042 0.000013 -1.000000 0.000030 -0.000000 -1.000000 -0.000000 0.016863 -0.999713 0.017004 0.137130 -0.968114 0.209646 0.008464 -0.999934 0.007799 0.000000 -1.000000 0.000044 0.000000 -1.000000 0.000044 0.000000 1.000000 -0.000059 0.000000 1.000000 -0.000060 -0.000000 -1.000000 0.000000 0.000000 -1.000000 0.000000 0.000017 1.000000 -0.000042 0.000010 1.000000 -0.000050 0.000007 -1.000000 0.000037 0.000007 -1.000000 0.000036 0.000000 -1.000000 0.000000 0.000000 -1.000000 0.000000 0.009198 -0.999906 0.010186 0.008075 -0.999923 0.009377 0.016113 -0.999738 0.016238 0.009820 -0.999913 0.008827 0.000000 -1.000000 0.000043 0.000000 -1.000000 0.000043 0.000000 -1.000000 0.000042 0.000000 1.000000 -0.000060 0.000000 1.000000 -0.000060 0.000000 1.000000 -0.000060 -0.000000 -1.000000 -0.000000 
						-0.000000 -1.000000 -0.000000 -0.000008 1.000000 -0.000041 -0.000014 1.000000 -0.000034 -0.000000 -1.000000 0.000000 0.000000 -1.000000 0.000000 0.000008 1.000000 -0.000042 0.000010 1.000000 -0.000051 0.000009 -1.000000 0.000044 0.000013 -1.000000 0.000031 0.000000 -1.000000 0.000000 0.000000 -1.000000 0.000000 0.000261 -1.000000 0.000292 0.016595 -0.999735 0.015978 0.016557 -0.999735 0.015987 0.000241 -1.000000 0.000265 0.000000 -1.000000 0.000052 0.000000 -1.000000 0.000052 0.000000 -1.000000 0.000042 0.000000 1.000000 -0.000050 0.000000 1.000000 -0.000049 0.000000 1.000000 -0.000059 -0.000000 -1.000000 -0.000000 -0.000000 -1.000000 -0.000000 -0.000009 1.000000 -0.000047 -0.000016 1.000000 -0.000038 0.000000 -1.000000 -0.000000 0.000000 -1.000000 -0.000000 0.000014 1.000000 -0.000035 0.000008 1.000000 -0.000042 0.000009 -1.000000 0.000043 0.000015 -1.000000 0.000037 -0.000000 -1.000000 -0.000000 0.000000 -1.000000 0.000000 0.001724 -0.999996 0.002030 0.000505 -1.000000 0.000503 0.000423 -1.000000 0.000468 0.001204 -0.999999 0.001167 0.000000 -1.000000 0.000051 0.000000 -1.000000 0.000051 0.000000 -1.000000 0.000052 0.000000 1.000000 -0.000041 0.000000 1.000000 -0.000041 0.000000 1.000000 -0.000049 -0.000000 -1.000000 -0.000000 -0.000000 -1.000000 -0.000000 -0.000009 1.000000 -0.000046 -0.000014 1.000000 -0.000033 0.000000 -1.000000 -0.000000 0.000014 1.000000 -0.000035 0.000015 -1.000000 0.000036 0.000002 -1.000000 0.000000 0.003382 -0.999989 0.003362 0.002317 -0.999995 0.002241 0.000000 -1.000000 0.000055 0.000000 1.000000 -0.000040 -0.000000 -1.000000 -0.000000 -0.000013 1.000000 -0.000032 -0.004446 0.001841 -0.999988 0.038009 0.000000 -0.999277 -0.056411 0.000000 -0.998408 -0.000002 -0.000000 -1.000000 -0.000002 0.000000 -1.000000 -0.013272 -0.086192 -0.996190 0.000392 -0.000007 -1.000000 
						0.000202 -0.000046 -1.000000 -0.438800 -0.898585 0.000165 -0.226849 -0.973930 0.000069 -0.442074 -0.896979 0.000084 0.000000 -1.000000 0.000049 0.000000 -1.000000 0.000047 0.000000 -1.000000 0.000051 0.000000 1.000000 -0.000050 0.000000 1.000000 -0.000050 0.000000 1.000000 -0.000050 0.000000 1.000000 -0.000049 0.000000 1.000000 -0.000048 0.000000 1.000000 -0.000049 0.000000 -1.000000 0.000050 0.000000 -1.000000 0.000050 0.000000 -1.000000 0.000051 0.000000 -1.000000 0.000052 0.000000 -1.000000 0.000052 0.000000 -1.000000 0.000052 0.000000 1.000000 -0.000049 0.000000 1.000000 -0.000048 0.000000 1.000000 -0.000049 0.000000 1.000000 -0.000042 0.000000 1.000000 -0.000042 0.000000 1.000000 -0.000042 0.000000 -1.000000 0.000053 0.000000 -1.000000 0.000060 0.000000 -1.000000 0.000061 0.000000 -1.000000 0.000053 -0.000000 -1.000000 0.000061 0.000000 -1.000000 0.000061 0.000000 1.000000 -0.000042 0.000000 1.000000 -0.000042 0.000000 1.000000 -0.000042 -0.000000 0.000000 -1.000000 -0.000000 0.000000 -1.000000 -0.000000 0.000000 -1.000000 -0.000001 0.000000 -1.000000 -0.000000 0.000000 -1.000000 -0.000002 -0.000000 -1.000000 -0.000000 0.000000 -1.000000 0.000006 0.000000 -1.000000 0.000002 0.000000 -1.000000 -0.000000 0.000000 -1.000000 -0.000000 0.000000 -1.000000 -0.195092 0.980785 -0.000109 -0.382688 0.923878 -0.000171 -0.002600 -0.002597 -0.999993 -0.001326 -0.001482 -0.999998 0.382686 -0.923879 0.000069 0.194081 -0.980986 0.000062 0.028008 -0.000932 -0.999607 0.398010 0.751716 -0.525843 0.452478 -0.560495 0.693620 -0.000003 -0.308157 -0.951335 -0.000003 -0.308157 -0.951335 -0.000003 -0.308157 -0.951335 -0.103757 0.105676 -0.988973 -0.001411 -0.000578 -0.999999 0.001261 -0.000956 -0.999999 0.000568 -0.000504 -1.000000 -0.448852 -0.893577 -0.007189 -0.447018 -0.866458 -0.222319 -0.013270 -0.086193 -0.996190 
						0.001041 -0.000296 -0.999999 -0.230363 -0.973105 0.000069 -0.010353 0.004286 -0.999937 0.016185 -0.055799 -0.998311 0.000009 -1.000000 0.000044 0.000015 -1.000000 0.000037 0.000009 -1.000000 0.000044 -0.000001 -1.000000 -0.000000 -0.000001 -1.000000 -0.000000 0.000000 -1.000000 0.000000 -0.017745 0.011870 -0.999772 0.288309 -0.613225 -0.735413 0.022847 -0.796054 -0.604794 0.660665 -0.585063 -0.470343 0.038998 0.384760 -0.922192 0.031792 -0.709963 -0.703521 0.017256 -0.510440 -0.859740 -0.775333 -0.550979 0.308677 0.001202 -0.488628 -0.872491 0.002466 -0.488678 -0.872461 -0.775113 0.551208 -0.308821 -0.775788 0.550484 -0.308415 0.000000 0.195104 -0.980782 0.000000 0.382708 -0.923869 0.000032 -0.923877 0.382691 0.000001 -0.980785 0.195091 0.000000 0.382704 -0.923871 0.000016 -0.980785 0.195091 0.000006 -0.910552 0.413395 0.000007 -0.910555 0.413388 -0.000000 -0.195101 -0.980783 0.000000 -0.382701 -0.923872 -0.000000 -0.923876 -0.382692 -0.000002 -0.980786 -0.195087 0.000000 -0.382703 -0.923871 -0.000000 -0.980785 -0.195094 0.000000 0.000000 -1.000000 0.000000 0.000000 -1.000000 -0.000000 0.000000 -1.000000 -0.000000 0.000000 -1.000000 -0.100751 -0.380736 -0.919179 0.049276 -0.979594 -0.194852 -0.052971 -0.194819 -0.979408 0.101298 -0.919128 -0.380714 0.103640 -0.918904 -0.380623 0.151888 -0.913160 -0.378244 -0.017678 -0.382625 -0.923735 -0.042042 -0.194918 -0.979918 -0.000002 -0.169344 -0.985557 0.047652 -0.979671 -0.194868 -0.092726 -0.381035 -0.919899 0.000000 0.000000 -1.000000 0.000003 0.000000 -1.000000 0.000000 0.000000 -1.000000 -0.000000 0.000000 -1.000000 -0.257199 -0.943935 0.206968 0.536943 -0.753766 0.378852 0.271010 -0.939945 0.207504 -0.462286 0.300625 -0.834216 0.141708 0.089854 -0.985822 0.510172 0.279218 -0.813487 0.011169 -0.975369 -0.220295 -0.000319 -0.999749 -0.022386 0.000000 -0.702407 -0.711775 
						-0.000004 0.360884 -0.932611 -0.000120 -0.696810 -0.717256 0.000046 -0.489203 -0.872170 -0.000016 -0.489135 -0.872208 -0.000002 0.000000 -1.000000 -0.000001 0.000000 -1.000000 -0.000002 0.000000 -1.000000 0.000002 0.000000 -1.000000 0.000007 0.000000 -1.000000 0.000000 0.000000 -1.000000 -0.239699 -0.647751 -0.723162 -0.496186 -0.683029 -0.535977 0.446546 -0.884269 0.136621 0.303305 -0.922368 0.239257 0.727179 -0.474557 0.495991 0.591125 -0.539409 0.599675 0.418624 -0.222325 -0.880526 0.840463 -0.053379 -0.539233 0.411232 -0.795261 0.445474 0.219684 -0.629672 -0.745152 0.010575 -0.784443 -0.620111 -0.449272 -0.888934 0.089165 -0.748027 -0.461881 0.476573 0.015326 -0.689063 0.724540 -0.438108 -0.215073 -0.872814 0.000034 -0.872439 0.488723 -0.104401 -0.913990 0.392075 -0.039034 -0.896812 -0.440686 0.111151 -0.885749 -0.450660 -0.002033 -0.809441 0.587198 0.043234 -0.279710 -0.959111 0.142923 -0.907120 0.395862 0.109258 -0.826804 0.551778 -0.301515 -0.930622 0.207438 0.217108 0.886945 -0.407668 0.108038 0.991321 0.074900 0.218311 0.883457 -0.414541 0.039636 -0.025433 -0.998890 0.021425 -0.015634 -0.999648 0.008130 -0.007384 -0.999940 -0.018984 -0.013061 -0.999734 -0.035957 -0.020521 -0.999143 -0.007680 -0.006423 -0.999950 0.098775 -0.993091 -0.063349 0.107419 -0.894018 0.434963 0.107369 -0.890603 0.441925 -0.000000 -1.000000 0.000000 0.001718 -0.989180 -0.146698 0.000001 -1.000000 0.000001 -0.033570 0.000000 -0.999436 0.000000 -1.000000 0.000052 -0.000001 -1.000000 0.000000 -0.000003 -1.000000 0.000000 0.000004 -1.000000 0.000000 0.000000 -1.000000 0.000051 1.000000 0.000000 0.000000 0.000000 -1.000000 0.000000 1.000000 0.000000 0.000000 0.000000 1.000000 -0.000049 1.000000 0.000000 0.000000 1.000000 0.000000 0.000000 1.000000 0.000000 0.000000 -0.012685 0.000000 -0.999920 -0.000003 -1.000000 0.000000 
						-0.043191 0.000000 -0.999067 -0.000002 0.000000 -1.000000 -0.000002 0.000000 -1.000000 -0.000002 0.000000 -1.000000 -0.000002 -0.169344 -0.985557 -0.000002 0.000000 -1.000000 -0.000000 -1.000000 0.000000 0.000000 -1.000000 0.000000 0.000000 -1.000000 0.000000 -0.000003 0.000000 -1.000000 -0.036248 -0.000000 -0.999343 -0.252754 0.000000 -0.967531 -0.036242 0.000000 -0.999343 0.000000 -1.000000 0.000052 0.000000 -1.000000 0.000053 -0.438450 0.002787 -0.898751 -0.239413 0.002082 -0.970916 -0.417129 0.004945 -0.908834 -0.746926 -0.043851 0.663459 -0.344735 0.001479 0.938699 -0.600053 -0.013294 0.799850 -0.067693 0.997706 -0.000049 -0.025118 0.999685 -0.000049 -0.000002 1.000000 -0.000049 0.000000 1.000000 -0.000042 0.161920 0.840595 -0.516896 0.000001 -0.488733 -0.872433 0.000001 -0.488733 -0.872433 0.001122 -0.524704 -0.851284 0.000000 -0.872410 0.488774 0.076234 -0.997037 0.010288 -0.000001 -1.000000 0.000000 -0.000001 -1.000000 -0.000000 0.000046 -0.872439 0.488723 0.000026 -0.872435 0.488730 -0.000012 -0.872431 0.488738 -0.000000 -1.000000 -0.000000 0.000000 -1.000000 0.000000 -0.000000 -1.000000 0.000000 0.000009 -0.000000 -1.000000 0.000116 -0.000000 -1.000000 -0.000003 0.000000 -1.000000 -0.609103 -0.521165 0.597814 -0.138197 0.097178 -0.985626 -0.000000 -1.000000 -0.000034 -0.402126 -0.915579 -0.002988 -0.379582 -0.925154 -0.002836 -0.440592 -0.897701 -0.003237 -0.389260 0.921123 0.002969 -0.363257 0.931685 0.002669 -0.317068 0.948400 0.002141 -0.000000 -0.488733 -0.872434 -0.000001 0.000000 -1.000000 0.000000 -1.000000 0.000000 -0.000002 0.000000 -1.000000 0.000000 1.000000 -0.000050 0.000000 -1.000000 0.000052 0.000003 -0.174411 -0.984673 0.000000 -0.980049 0.198754 0.000000 0.987508 -0.157571 0.000000 -1.000000 0.000000 0.000000 -0.980041 0.198798 -0.000000 0.000000 -1.000000 0.000000 0.000000 -1.000000 
						0.000000 -1.000000 0.000000 0.000000 0.987507 -0.157574 0.000000 -1.000000 0.000000 -0.000003 0.000000 -1.000000 0.000000 -1.000000 0.000000 -0.430278 0.403612 -0.807439 0.033735 -0.800555 0.598310 -0.389815 -0.834328 0.389797 0.000003 -0.923538 0.383508 -0.000017 -0.923855 0.382742 -0.556474 -0.426925 -0.712791 -0.413145 0.409988 -0.813155 0.398460 -0.826127 -0.398426 -0.425548 -0.400214 -0.811626 0.036522 0.793658 0.607267 -0.000003 -0.978592 -0.205812 0.263169 -0.964333 0.028343 -0.000017 0.298774 -0.954324 -0.202009 0.428088 -0.880871 -0.425714 0.650620 -0.628857 -0.438368 0.395612 -0.807046 -0.428597 0.639817 -0.637917 -0.382704 0.923871 -0.000086 -0.000001 0.000000 -1.000000 -0.382690 -0.923877 0.000086 -0.000002 0.000002 -1.000000 0.330242 -0.884267 -0.330170 -0.089890 -0.170948 -0.981171 0.330222 -0.884253 -0.330227 0.377500 0.845587 0.377460 -0.377487 -0.845581 -0.377488 0.087651 -0.129465 -0.987702 -0.382682 0.923880 -0.000085 0.382685 0.923879 -0.000033 1.000000 0.000000 0.000000 1.000000 0.000000 0.000000 1.000000 0.000000 0.000000 0.499567 0.751413 -0.431057 1.000000 0.000000 0.000000 -0.988563 -0.149677 0.018420 1.000000 0.000000 0.000000 1.000000 0.000000 0.000000 0.265063 0.830476 -0.489951 0.360992 0.779065 -0.512585 1.000000 0.000000 0.000000 1.000000 0.000000 0.000000 1.000000 0.000000 0.000000 1.000000 0.000000 0.000000 -0.380022 0.402011 -0.833049 -0.032398 -0.658505 0.751879 -0.071146 0.736166 -0.673051 0.000020 -0.702347 -0.711835 0.245598 -0.609721 0.753606 0.100129 0.460848 -0.881812 -0.169067 -0.800783 0.574599 -0.000049 0.493115 -0.869964 0.000000 0.298776 -0.954323 0.000000 0.298778 -0.954323 -0.845879 0.532309 -0.033695 -0.864105 0.500673 0.051465 -0.854760 0.517572 0.038798 -0.698294 -0.608910 -0.376316 0.756187 -0.627937 -0.184054 0.732640 -0.581565 -0.353584 
						0.742523 -0.566527 -0.357360 -0.834216 -0.548985 -0.051955 0.037874 0.363541 -0.930808 1.000000 0.000000 0.000000 0.051768 0.062046 0.996730 -0.046792 0.065315 0.996767 -0.004680 -0.989432 0.144922 -0.148543 -0.701288 -0.697230 0.217315 -0.713380 0.666230 -0.466763 0.058526 -0.882444 0.079781 0.829565 -0.552681 -0.083235 -0.052702 -0.995135 0.382701 0.806013 -0.451533 -0.382676 0.923882 -0.000035 0.000015 -1.000000 0.000036 -0.382675 -0.923883 0.000084 0.000648 -0.999999 0.000829 -0.003700 -0.999887 0.014584 -0.164670 -0.377463 -0.911266 0.000021 -0.923877 -0.382690 -0.000004 -0.382709 -0.923869 -0.145168 -0.914093 -0.378629 0.000015 1.000000 -0.000035 -0.013231 -0.999897 -0.005480 0.000008 -1.000000 0.000044 0.472830 -0.551192 0.687473 -0.140435 0.046146 -0.989014 -0.140435 0.046146 -0.989014 -0.140435 0.046146 -0.989014 0.000015 -1.000000 0.000037 -0.017801 0.249562 -0.968195 -0.776197 -0.550052 0.308157 -0.008761 0.714839 -0.699235 -0.507028 -0.778256 0.370460 0.000113 -0.692827 -0.721104 0.456428 -0.671369 -0.583898 -0.859197 -0.049978 -0.509197 -0.046145 -0.998897 0.008629 -0.000001 -0.994000 -0.109383 -0.000007 -0.994000 -0.109382 0.000001 -0.994000 -0.109384 0.104740 0.990689 0.086976 0.039655 -0.024145 -0.998922 -0.035403 -0.019993 -0.999173 0.098307 -0.992313 -0.075177 0.000000 -1.000000 0.000000 0.000000 1.000000 -0.000049 0.000000 -1.000000 0.000000 -0.000002 -0.000000 -1.000000 -0.718777 0.033312 -0.694442 -0.653105 0.018573 -0.757039 -0.732909 0.034095 -0.679472 -0.214307 -0.001505 0.976765 -0.344274 0.008325 0.938833 -0.737669 -0.039062 0.674031 -0.091279 0.995825 -0.000049 0.000016 -0.488731 -0.872434 0.000034 -0.488731 -0.872435 0.049910 -0.998729 0.006966 0.295169 -0.955021 0.028459 -0.075244 -0.997092 0.012036 -0.294792 -0.954966 0.033725 -0.049641 -0.998733 0.008202 -0.000002 0.000000 -1.000000 
						-0.000000 -1.000000 -0.000377 -0.338374 -0.941008 -0.002560 -0.432090 0.901824 0.003450 -0.000000 -0.488733 -0.872433 
					</float_array>
					<technique_common>
						<accessor count="1156" offset="0" source="#meshId24-tangents-array" stride="3">
							<param name="X" type="float" />
							<param name="Y" type="float" />
							<param name="Z" type="float" />
						</accessor>
					</technique_common>
				</source>
				<source id="meshId24-bitangents" name="meshId24-bitangents">
					<float_array id="meshId24-bitangents-array" count="3468"> 
						1.000000 0.000000 0.000000 1.000000 -0.000000 0.000000 1.000000 -0.000000 0.000000 1.000000 -0.000000 0.000000 1.000000 -0.000000 0.000000 -1.000000 0.000000 0.000000 -1.000000 -0.000000 -0.000000 -1.000000 -0.000000 -0.000000 1.000000 -0.000000 0.000000 1.000000 -0.000000 0.000000 -1.000000 -0.000000 -0.000000 -1.000000 -0.000000 -0.000000 1.000000 0.000000 0.000000 1.000000 0.000000 0.000000 1.000000 0.000000 -0.000000 1.000000 0.000000 -0.000000 1.000000 0.000000 0.000000 -1.000000 -0.000000 -0.000000 -1.000000 -0.000000 -0.000000 -1.000000 -0.000000 -0.000000 -1.000000 -0.000000 -0.000001 -1.000000 0.000000 0.000002 -1.000000 -0.000000 -0.000001 -0.000000 -0.000050 -1.000000 -0.000000 -0.000050 -1.000000 -0.000000 -0.000050 -1.000000 0.000000 -0.000050 -1.000000 0.000000 -0.000052 -1.000000 0.000000 -0.000050 -1.000000 -1.000000 -0.000000 -0.000000 -1.000000 -0.000001 -0.000003 -1.000000 -0.000000 -0.000001 0.000000 -0.198757 -0.980049 0.000000 -0.198761 -0.980048 0.000000 -0.198758 -0.980049 1.000000 -0.000000 -0.000000 1.000000 -0.000000 -0.000000 1.000000 -0.000000 -0.000000 0.000000 -0.198779 -0.980044 0.000000 -0.198779 -0.980044 -0.000000 -0.157571 -0.987508 -0.000000 -0.157563 -0.987509 -0.000000 -0.157546 -0.987512 -1.000000 -0.000000 -0.000000 -1.000000 -0.000000 -0.000000 -1.000000 -0.000000 -0.000000 0.000000 -0.198789 -0.980042 1.000000 -0.000000 -0.000000 1.000000 0.000000 -0.000000 -0.000000 -0.157544 -0.987512 -1.000000 0.000000 0.000000 -1.000000 0.000000 0.000000 -1.000000 0.000000 0.000000 1.000000 0.000000 0.000000 1.000000 0.000000 0.000000 1.000000 0.000000 0.000000 -0.000000 -0.157574 -0.987507 -0.000000 -0.157571 -0.987508 -1.000000 -0.000000 -0.000000 -1.000000 -0.000000 -0.000000 -1.000000 -0.000000 -0.000000 0.000000 -0.000051 -1.000000 0.000000 -0.000052 -1.000000 0.000000 -0.000050 -1.000000 
						0.000000 -0.000052 -1.000000 0.000000 -0.000055 -1.000000 0.000000 -0.000053 -1.000000 0.000000 -0.000052 -1.000000 0.000000 -0.000052 -1.000000 0.000000 -0.000052 -1.000000 1.000000 0.000000 -0.000000 1.000000 0.000000 0.000000 1.000000 0.000000 -0.000000 -0.000000 -0.000059 -1.000000 -0.000000 -0.000043 -1.000000 -0.000000 -0.000060 -1.000000 0.000000 -0.000049 -1.000000 -0.000000 -0.000049 -1.000000 0.000000 -0.000049 -1.000000 -0.000000 -0.000049 -1.000000 -0.000000 -0.000047 -1.000000 -0.000000 -0.000050 -1.000000 -1.000000 0.000000 0.000002 -1.000000 0.000000 0.000002 -1.000000 0.000000 0.000002 -1.000000 0.000000 0.000002 -1.000000 0.000000 0.000002 1.000000 0.000000 -0.000000 1.000000 0.000000 0.000000 1.000000 0.000000 -0.000000 1.000000 0.000000 -0.000000 -1.000000 -0.000000 -0.000000 -1.000000 -0.000000 -0.000000 1.000000 0.000000 0.000000 1.000000 0.000000 0.000000 1.000000 0.000000 0.000000 1.000000 0.000000 0.000000 -1.000000 0.000000 0.000060 -1.000000 0.000000 0.000004 -1.000000 0.000000 0.000000 -1.000000 0.000000 0.000062 1.000000 -0.000000 -0.000000 1.000000 0.000000 0.000000 1.000000 -0.000000 -0.000000 1.000000 0.000000 0.000000 -1.000000 -0.000000 -0.000000 -1.000000 -0.000000 -0.000000 1.000000 -0.000000 -0.000000 1.000000 0.000000 0.000000 -1.000000 -0.000001 -0.000003 -1.000000 -0.000001 -0.000003 -1.000000 0.000000 0.000002 -1.000000 0.000000 0.000002 -1.000000 -0.000000 -0.000000 -1.000000 -0.000000 -0.000000 -1.000000 -0.000000 -0.000000 -1.000000 -0.000000 -0.000000 1.000000 0.000000 0.000000 1.000000 0.000000 0.000000 1.000000 0.000000 0.000000 1.000000 0.000000 0.000000 1.000000 0.000000 0.000000 1.000000 0.000001 0.000000 1.000000 0.000001 -0.000000 1.000000 0.000000 0.000000 -1.000000 -0.000000 -0.000000 -1.000000 -0.000000 -0.000000 -1.000000 0.000000 0.000000 
						-1.000000 -0.000000 -0.000000 1.000000 -0.000000 0.000000 1.000000 0.000000 0.000000 -1.000000 -0.000000 -0.000000 -1.000000 0.000000 0.000000 1.000000 0.000000 0.000000 1.000000 0.000000 0.000000 1.000000 -0.000000 0.000000 1.000000 -0.000000 0.000000 -1.000000 -0.000000 -0.000000 -0.604160 -0.429358 -0.671300 -0.571119 -0.775330 -0.269606 -0.575065 -0.366234 -0.731555 0.843489 0.385511 0.374043 0.806945 0.427786 0.407233 0.644640 0.610279 0.460433 0.834916 -0.183831 0.518769 0.749644 -0.336134 0.570129 0.731570 -0.366248 0.575038 -0.181501 0.005794 -0.983374 -0.342454 0.000997 -0.939534 -0.125594 0.050644 -0.990788 0.983242 0.064201 0.170626 0.937099 0.239953 0.253511 0.916985 0.188746 0.351444 -0.983544 -0.180528 -0.007118 -0.939925 -0.341358 -0.003859 -0.990500 -0.126559 -0.053775 0.181185 0.006365 -0.983428 0.343123 0.001799 -0.939289 0.126483 0.052237 -0.990592 -0.983273 0.064261 0.170427 -0.936330 0.242435 0.253991 -0.916735 0.190263 0.351278 0.983428 -0.181183 -0.006456 0.939297 -0.343100 -0.001903 0.990589 -0.126448 -0.052385 0.191434 -0.033422 -0.980936 0.074682 -0.030666 -0.996736 0.369690 -0.066011 -0.926807 -0.949094 -0.087510 0.302594 -0.919309 -0.245112 0.307883 -0.988182 -0.148021 0.039829 -0.976332 0.055403 0.209060 -0.965025 0.196509 0.173522 -0.997916 0.053469 0.036119 0.223994 0.079086 -0.971376 0.273357 0.180399 -0.944845 0.414097 0.085208 -0.906236 -0.983996 0.046502 0.172014 -0.959804 0.218797 0.175797 -0.987375 0.154595 0.034501 0.985655 0.006343 -0.168655 0.985871 0.058628 -0.156911 0.998598 0.015756 -0.050535 -0.833365 -0.184315 -0.521085 -0.747486 -0.334903 -0.573677 -0.729596 -0.364772 -0.578473 -0.608266 0.426918 -0.669144 -0.576500 0.773128 -0.264427 -0.578460 0.364753 -0.729616 0.849300 -0.385340 0.360837 0.811110 -0.431032 0.395363 0.651036 -0.613971 0.446308 
						-0.981147 0.061975 -0.183058 -0.888539 0.321894 -0.326928 -0.909586 0.171125 -0.378643 -0.978230 0.203194 -0.042179 -0.844782 0.525895 0.098884 -0.981142 0.144795 -0.128041 -0.341012 -0.115405 -0.932948 -0.184510 -0.122393 -0.975180 -0.154258 -0.045106 -0.987000 1.000000 -0.000000 0.000000 1.000000 -0.000000 0.000001 0.998690 -0.021160 -0.046585 -0.998570 -0.009562 0.052594 -0.999480 0.030029 0.011717 -1.000000 -0.000001 0.000004 -0.999480 -0.030036 -0.011699 -0.999851 -0.003365 0.016918 0.998693 -0.019639 0.047186 0.981815 -0.072731 0.175355 0.933951 -0.136854 0.330161 -0.647012 0.403425 0.647012 -0.700237 0.139058 0.700237 -0.610130 0.505452 0.610130 -0.999803 0.002203 -0.019699 -0.996321 -0.047235 0.071502 -0.999913 0.002573 -0.012938 -0.985041 -0.136479 0.105203 -0.999967 -0.000543 0.008055 0.999813 -0.007406 -0.017877 0.999756 0.008452 0.020407 1.000000 -0.000001 0.000000 0.000048 -0.000121 -1.000000 0.000013 -0.000073 -1.000000 0.000019 -0.000096 -1.000000 0.980688 -0.195091 0.013810 0.923875 -0.382693 -0.000000 0.923867 -0.382683 0.004812 0.980689 -0.195088 -0.013811 0.980788 -0.195078 -0.000000 0.000045 -0.000103 -1.000000 0.000015 -0.000077 -1.000000 -0.000012 -0.000061 -1.000000 -0.000017 -0.000040 -1.000000 -0.000033 -0.000079 -1.000000 -0.000008 -0.000042 -1.000000 -0.000008 -0.000040 -1.000000 -0.980784 -0.195096 0.000002 -0.923540 -0.382543 0.027115 -0.980785 -0.195093 0.000004 -0.923540 -0.382543 -0.027111 -0.980785 -0.195091 0.000001 -0.000015 -0.000075 -1.000000 -0.000054 -0.000143 -1.000000 -0.000021 -0.000106 -1.000000 -0.000037 -0.000077 -1.000000 -0.000014 -0.000068 -1.000000 0.980655 0.195079 0.016126 0.923877 0.382689 0.000009 0.922427 0.382126 0.055759 0.980655 0.195079 -0.016115 0.980788 0.195078 0.000015 0.000013 -0.000061 -1.000000 0.000025 -0.000060 -1.000000 0.000010 -0.000053 -1.000000 
						-0.980784 0.195094 0.000002 -0.922105 0.381949 0.061948 -0.980785 0.195093 0.000002 -0.922105 0.381949 -0.061944 -0.980785 0.195091 0.000002 0.000011 -0.000056 -1.000000 0.000023 -0.000060 -1.000000 -0.182508 0.021394 -0.982972 -0.368758 0.030578 -0.929022 -0.192066 -0.039215 -0.980598 -0.994286 0.099712 0.038117 -0.938311 0.339831 0.063929 -0.980785 0.195093 0.000004 -0.998892 0.046428 -0.007689 -1.000000 0.000000 0.000004 -0.999339 0.034213 -0.012296 -1.000000 -0.000094 -0.000473 -0.929062 -0.030222 -0.368688 -0.982580 -0.025248 -0.184115 -0.980598 0.039156 -0.192078 0.343167 0.120046 -0.931571 0.147936 0.022624 -0.988738 0.107856 -0.066037 -0.991971 -0.977562 0.015136 0.210105 -0.917748 0.037185 0.395418 -0.976643 -0.040123 0.211090 -0.998920 -0.046273 0.004144 -0.999085 -0.040367 0.014109 -0.999998 -0.000416 -0.002092 -0.996169 -0.077971 -0.039607 -1.000000 0.000000 0.000002 -0.966116 -0.248337 -0.070345 -0.990474 -0.137697 0.000002 0.980772 -0.195095 0.004974 0.923876 -0.382693 -0.000000 0.923815 -0.382674 0.011205 0.980772 -0.195095 -0.004974 0.980784 -0.195095 -0.000000 0.000013 -0.000069 -1.000000 0.000033 -0.000080 -1.000000 0.000014 -0.000069 -1.000000 0.000033 -0.000081 -1.000000 0.000014 -0.000069 -1.000000 -0.013314 -0.005784 -0.999895 -0.017527 -0.004050 -0.999838 -0.010675 -0.002102 -0.999941 -0.974654 0.222205 0.025974 -0.918262 0.394853 0.029780 -0.982154 0.187967 0.006478 -0.977975 0.208551 -0.008402 -0.898000 0.436976 0.051465 -0.020901 -0.004525 -0.999771 -0.030135 -0.014668 -0.999438 -0.041901 -0.017442 -0.998969 -0.923540 -0.382543 -0.027109 -0.980536 -0.195044 -0.022527 -0.980785 -0.195090 0.000001 -0.000010 -0.000052 -1.000000 -0.000025 -0.000060 -1.000000 -0.000012 -0.000059 -1.000000 -0.000009 -0.000043 -1.000000 -0.000018 -0.000044 -1.000000 -0.980591 -0.195056 0.019849 -0.923058 -0.382346 -0.042132 
						-0.922441 -0.382089 0.055779 0.980817 0.194879 -0.004448 0.940990 0.338058 0.015981 0.985361 0.170286 0.008177 0.000317 -0.000134 -1.000000 0.000050 -0.000069 -1.000000 -0.000010 -0.000048 -1.000000 0.001811 -0.000526 -0.999998 0.001007 -0.000527 -0.999999 0.942890 0.333087 0.003320 0.985796 0.167942 0.001111 0.292248 -0.869629 0.397915 0.292248 -0.869629 0.397915 0.292248 -0.869629 0.397915 -0.407060 -0.886297 0.220861 -0.407060 -0.886297 0.220861 -0.407060 -0.886297 0.220861 -0.981589 -0.183923 -0.051533 -0.930096 -0.082018 -0.358043 -0.912502 -0.404114 -0.063500 -0.985922 -0.017302 -0.166306 -0.987604 -0.004533 -0.156902 -0.999886 0.000000 -0.015091 0.000000 -0.789597 -0.613626 -0.710230 -0.512672 -0.482431 0.000000 -0.702010 -0.712167 0.415479 -0.837289 -0.355422 0.466710 -0.733370 -0.494317 0.659600 -0.614348 -0.433018 -0.708535 -0.558851 -0.430886 -0.702148 -0.403856 -0.586420 -0.983785 -0.179348 0.001417 -0.888473 -0.458928 0.000000 -0.665620 -0.742700 -0.073127 -0.983785 -0.179346 -0.001417 -0.988515 -0.151123 0.000000 -0.046518 0.019193 -0.998733 0.046416 -0.019309 -0.998736 -0.000013 -0.000063 -1.000000 -0.046522 0.019189 -0.998733 0.046423 -0.019298 -0.998735 -0.000012 -0.000059 -1.000000 -0.983785 -0.179344 0.001430 -0.888477 -0.458921 0.000004 -0.665621 -0.742698 -0.073123 -0.983785 -0.179345 -0.001416 -0.988515 -0.151123 0.000014 -0.016605 -0.556921 -0.830400 -0.169844 -0.564831 -0.807539 -0.108167 -0.537168 -0.836511 0.182550 -0.519224 -0.834914 0.003133 -0.621528 -0.783386 -0.938846 0.160020 -0.304897 -0.938846 0.160020 -0.304897 -0.938846 0.160020 -0.304897 -0.992784 -0.119912 0.000329 -0.997265 -0.058027 0.045785 -0.999733 0.000000 0.023111 -0.990546 -0.133090 -0.033264 -0.950466 -0.310748 -0.007122 0.021766 -0.764630 -0.644102 0.000009 -0.612574 -0.790413 0.077381 -0.622926 -0.778444 0.114848 -0.816865 0.565279 
						-0.000011 -0.822306 0.569045 0.039365 -0.821669 0.568604 -0.066080 -0.582589 -0.810076 -0.000000 -0.712744 -0.701425 -0.128364 -0.673441 -0.728011 -0.939701 -0.341995 -0.001100 -0.851623 -0.521824 -0.049387 -0.974668 -0.222613 -0.021567 0.896178 0.290883 0.335040 0.956927 0.216787 0.193119 0.973478 0.141355 0.179885 -0.188060 -0.518345 -0.834237 -0.335522 -0.378423 -0.862683 -0.378054 -0.517652 -0.767536 -0.237030 -0.479195 -0.845097 -0.149470 -0.455928 -0.877376 -0.099846 -0.508149 -0.855462 -0.953053 -0.298055 -0.053422 -0.792666 -0.609598 0.008370 -0.769747 -0.595350 -0.230321 -0.106005 -0.634277 -0.765804 -0.153713 -0.643140 -0.750162 -0.094500 -0.558187 -0.824316 0.961141 -0.189883 0.200383 0.803148 -0.255533 0.538197 0.914168 -0.322535 0.245497 0.101980 -0.467158 -0.878273 0.258202 -0.318268 -0.912161 0.222027 -0.480224 -0.848581 0.163572 -0.525518 -0.834911 0.115604 -0.399665 -0.909342 0.956125 -0.160923 -0.244805 0.891077 -0.273014 -0.362555 0.974860 -0.132428 -0.179195 -0.886677 0.453752 0.088957 -0.962325 0.260037 0.079443 -0.974376 0.223222 0.027614 0.153492 -0.596655 -0.787682 0.085133 -0.578918 -0.810929 0.099847 -0.557482 -0.824163 -0.941039 0.318687 0.113511 -0.793209 0.522469 0.312804 -0.903738 0.426293 0.039140 0.969642 0.183821 -0.161257 0.841258 0.443746 -0.308827 0.841909 0.316518 -0.437041 -1.000000 -0.000000 0.000001 -0.999480 0.030033 0.011703 -1.000000 -0.000000 0.000002 -0.999480 -0.030033 -0.011702 -1.000000 -0.000000 0.000001 1.000000 -0.000002 0.000000 1.000000 0.000000 0.000000 0.998690 -0.021163 -0.046584 -0.999480 -0.030035 -0.011696 -1.000000 0.000000 0.000000 -1.000000 -0.000000 0.000001 1.000000 -0.000001 -0.000000 1.000000 -0.000001 -0.000000 0.998690 -0.021160 -0.046586 -0.999480 0.030035 0.011699 -1.000000 0.000001 -0.000003 -1.000000 -0.000000 -0.000000 -1.000000 -0.000000 -0.000000 
						-1.000000 -0.000001 0.000000 0.000000 -0.488733 -0.872434 -1.000000 -0.000000 -0.000000 -1.000000 -0.000000 -0.000000 -1.000000 0.000000 -0.000000 0.000000 -0.488731 -0.872435 -0.817625 0.575252 -0.023951 -0.820466 0.569171 0.053661 -0.818245 0.574690 -0.014377 -0.892255 0.430765 0.135360 -0.736111 0.676860 0.000998 -0.997435 0.038248 -0.060504 -0.937608 0.301559 0.173070 -0.810007 0.578929 0.093435 -0.986430 0.162993 -0.019723 -0.983550 0.173232 -0.051187 -0.985759 0.164552 0.034676 -0.999956 0.004262 -0.008358 -0.992239 -0.118365 0.038090 -0.994974 -0.048908 0.087382 -0.999724 -0.009894 0.021304 -0.964750 -0.250148 -0.081748 -0.927229 -0.373193 0.031200 -0.718830 -0.695177 0.003681 -0.722125 -0.646458 -0.246226 -0.714047 -0.698764 0.043201 -0.942288 0.295738 0.156947 -0.742529 0.643944 0.184355 -0.993166 0.110623 0.037195 -0.999947 -0.005885 0.008442 -0.417513 -0.237844 0.876991 -0.922225 -0.054199 0.382836 0.999989 0.003673 -0.002820 0.999915 -0.007988 0.010279 0.999954 0.006802 -0.006807 -0.998491 -0.018985 0.051539 -1.000000 0.000001 0.000021 -0.999924 0.011705 0.003931 -0.988888 0.016023 0.147799 -0.918052 0.109240 -0.381114 -0.999854 0.016607 0.003892 -0.999931 0.011499 0.002382 -0.999996 0.002647 0.000519 0.175815 0.984337 -0.013040 0.175815 0.984337 -0.013040 0.175815 0.984337 -0.013040 0.999535 -0.019184 -0.023718 0.999209 -0.035343 -0.018212 0.924130 -0.239265 0.297886 -0.969723 -0.007498 0.244090 -0.996872 0.049723 -0.061434 -0.998890 0.009238 0.046178 -0.990293 0.021794 0.137276 -0.865584 -0.012170 0.500617 -0.983647 -0.028788 -0.177793 -0.999698 0.018970 -0.015634 -0.999911 0.012026 -0.005711 -0.853651 -0.128975 -0.504624 0.999102 0.039356 0.015712 0.999534 0.018876 0.024002 0.924275 0.241812 -0.295369 -0.861402 0.131846 0.490513 -0.998381 -0.056591 -0.005726 -0.993950 -0.085266 0.069233 
						-0.997215 -0.041098 -0.062229 -0.989824 0.012702 0.141730 -0.995312 0.030997 0.091612 -0.914930 -0.033009 -0.402261 -0.956589 0.006749 -0.291363 -0.856470 0.012373 -0.516049 -0.986517 -0.055301 -0.154030 -0.955170 0.025366 -0.294969 -0.924840 -0.128948 -0.357831 -0.936946 0.279103 -0.210318 -0.984108 0.125417 -0.125705 -0.985219 0.122029 -0.120219 -0.186080 -0.479011 -0.857859 -0.312753 -0.471915 -0.824307 -0.108080 -0.508512 -0.854245 0.963839 -0.125354 -0.235163 0.996691 -0.012321 -0.080347 0.985247 -0.088186 -0.146667 0.220019 -0.402768 -0.888465 0.321585 -0.270765 -0.907342 0.420484 -0.357005 -0.834111 -0.986124 0.119458 0.115282 -0.949657 0.306635 0.064231 -0.987631 0.152771 -0.035308 -0.245860 -0.493747 -0.834126 -0.403223 -0.449837 -0.796905 -0.108553 -0.486576 -0.866868 0.985662 0.103483 0.133273 0.989143 0.118685 0.086657 0.956654 0.221025 0.189632 -0.957810 -0.281726 0.056836 -0.992327 -0.122338 0.017891 -0.987872 -0.151786 0.032696 0.170425 -0.536638 -0.826423 0.253977 -0.669115 -0.698413 0.351259 -0.614052 -0.706793 -0.983271 -0.117280 0.139368 -0.936339 -0.103096 0.335621 -0.916739 -0.213508 0.337644 -0.983281 0.087783 0.159538 -0.939289 0.166089 0.300252 -0.990591 0.016242 0.135891 0.980782 -0.195105 -0.000000 0.923885 -0.382671 -0.000000 0.923869 -0.382708 -0.000000 0.000033 -0.000079 -1.000000 -0.103442 -0.019099 -0.994452 0.000013 -0.000066 -1.000000 0.923879 -0.000000 0.382685 0.980785 -0.000000 0.195092 -0.389288 -0.056218 -0.919399 -0.195094 -0.000052 -0.980785 -0.382687 -0.000036 -0.923878 0.011510 -0.004920 -0.999922 -0.923887 0.000000 0.382666 -0.980787 -0.000000 0.195083 0.389198 -0.055936 -0.919454 0.195075 -0.000040 -0.980788 0.382657 -0.000037 -0.923891 1.000000 0.000000 -0.000000 1.000000 0.000000 -0.000000 -1.000000 -0.000002 0.000001 -1.000000 -0.000001 0.000000 -0.919651 -0.255021 -0.298674 
						-0.917014 -0.259060 -0.303271 -1.000000 -0.000074 0.000325 -1.000000 -0.000014 0.000138 -0.103383 0.018998 -0.994460 -0.382684 -0.000038 -0.923879 -0.195092 -0.000043 -0.980785 -0.923880 -0.000000 -0.382683 -0.980786 -0.000003 -0.195087 -0.923879 -0.000002 -0.382684 0.923876 0.382691 -0.000000 0.922427 0.382125 -0.055758 -0.923604 0.383334 0.003096 -0.980861 0.194694 0.002373 0.056729 0.025800 -0.998056 -0.003247 -0.000710 -0.999994 -0.006182 -0.002638 -0.999977 0.976725 0.001607 -0.214489 0.903612 0.000598 -0.428352 0.908679 0.002538 -0.417489 0.349592 -0.001376 -0.936901 0.137169 0.059010 -0.988788 0.178791 -0.000849 -0.983887 1.000000 0.000000 0.000000 1.000000 0.000000 -0.000000 -1.000000 -0.000039 0.000008 -1.000000 -0.000079 0.000033 -0.987349 0.154795 0.034344 -1.000000 -0.000009 -0.000002 1.000000 -0.000000 -0.000000 1.000000 0.000002 0.000005 0.998044 -0.062396 0.003927 1.000000 -0.000005 -0.000002 0.994452 -0.019066 0.103453 1.000000 -0.000009 -0.000004 0.998690 0.021160 0.046586 -0.999102 -0.000000 0.042372 0.998769 -0.049288 0.005564 1.000000 0.000000 0.000000 1.000000 0.000000 0.000000 0.981815 -0.072687 0.175373 1.000000 -0.000020 -0.000004 1.000000 -0.000040 -0.000016 1.000000 0.000000 -0.000000 1.000000 0.000004 -0.000010 0.998074 0.061908 0.003862 -1.000000 0.000000 -0.000000 -0.994460 -0.019047 -0.103379 -1.000000 0.000031 -0.000013 -0.994751 0.000000 -0.102324 -0.986924 0.000000 -0.161188 -1.000000 0.000000 0.000216 0.919457 -0.389201 0.055873 -0.000013 -0.000032 -1.000000 0.923827 0.382680 -0.009947 -0.902210 0.424828 0.074420 0.000033 -0.000076 -1.000000 -0.923849 0.382671 -0.008168 0.000024 -0.000058 -1.000000 0.000010 -0.000056 -1.000000 -0.000399 0.000154 -1.000000 -0.000406 0.000158 -1.000000 -0.989453 -0.144798 0.003903 -0.964542 -0.263826 0.007358 1.000000 0.000000 -0.000000 
						1.000000 0.000000 0.000000 1.000000 0.000000 -0.000000 1.000000 0.000000 0.000000 1.000000 0.000000 -0.000000 1.000000 0.000000 -0.000000 -0.995374 -0.036766 -0.088760 -0.998661 -0.010091 -0.050731 -0.998884 0.046325 0.009215 -0.995002 0.092252 0.038212 1.000000 0.000000 -0.000000 1.000000 0.000000 0.000000 0.000000 -0.000054 -1.000000 0.000000 -0.000050 -1.000000 0.000000 -0.000055 -1.000000 -0.000000 -0.000041 -1.000000 -0.000000 -0.000039 -1.000000 -0.000000 -0.000044 -1.000000 -0.987934 0.022987 0.153162 -0.994988 0.092380 0.038265 -0.998935 0.045254 0.009002 -0.999821 -0.007243 -0.017487 -0.999241 -0.007598 -0.038196 -0.996033 -0.034052 -0.082209 -0.923788 -0.014070 0.382646 0.382683 -0.000038 -0.923880 0.181014 -0.000044 -0.983481 0.169344 -0.000044 -0.985557 -0.987786 -0.026110 -0.153613 -0.382688 -0.000039 -0.923878 0.923879 -0.000000 0.382684 0.980785 -0.000000 0.195091 -0.195091 -0.000050 -0.980785 -0.382692 -0.000032 -0.923876 -0.980787 0.000000 0.195081 -0.914977 0.078374 0.395821 0.382661 -0.000046 -0.923889 -0.382683 -0.000033 -0.923880 -0.980785 0.000000 -0.195090 0.918525 0.008770 -0.395267 0.952298 0.070598 -0.296891 0.182835 -0.006121 -0.983125 0.000000 -0.000044 -1.000000 0.000000 -0.000044 -1.000000 -0.000000 -0.000059 -1.000000 -0.000000 -0.000060 -1.000000 -0.980788 0.000000 0.195078 -0.923886 0.000000 0.382667 0.382656 -0.000046 -0.923891 0.195072 -0.000051 -0.980789 -0.195090 -0.000038 -0.980785 -0.195091 -0.000037 -0.980785 -0.923879 -0.000000 -0.382684 -0.923879 -0.000000 -0.382684 0.977775 0.006860 -0.209545 0.980857 0.006096 -0.194633 0.370680 -0.009110 -0.928716 0.193926 -0.006756 -0.980993 0.000000 -0.000043 -1.000000 0.000000 -0.000043 -1.000000 0.000000 -0.000042 -1.000000 -0.000000 -0.000060 -1.000000 -0.000000 -0.000060 -1.000000 -0.000000 -0.000060 -1.000000 0.923878 -0.000000 0.382687 
						0.980784 -0.000000 0.195095 -0.195093 -0.000042 -0.980785 -0.382689 -0.000037 -0.923877 -0.923886 0.000000 0.382668 -0.923888 0.000000 0.382664 0.195077 -0.000042 -0.980788 0.195073 -0.000052 -0.980789 -0.195086 -0.000045 -0.980786 -0.382685 -0.000033 -0.923879 -0.923879 -0.000000 -0.382684 -0.980785 -0.000000 -0.195090 0.978683 0.000195 -0.205375 0.917456 0.008873 -0.397739 0.368330 -0.008766 -0.929654 0.185151 -0.000216 -0.982710 0.000000 -0.000052 -1.000000 0.000000 -0.000052 -1.000000 0.000000 -0.000042 -1.000000 -0.000000 -0.000050 -1.000000 -0.000000 -0.000049 -1.000000 -0.000000 -0.000059 -1.000000 0.923879 -0.000000 0.382685 0.980784 -0.000000 0.195094 -0.195091 -0.000047 -0.980785 -0.382687 -0.000041 -0.923878 -0.980786 -0.000000 0.195084 -0.923885 -0.000000 0.382669 0.382661 -0.000038 -0.923889 0.195089 -0.000043 -0.980786 -0.195091 -0.000044 -0.980785 -0.382681 -0.000040 -0.923881 -0.923879 0.000000 -0.382686 -0.980785 -0.000000 -0.195090 0.978200 0.001265 -0.207663 0.915586 0.000260 -0.402123 0.363883 -0.000282 -0.931444 0.181358 -0.000929 -0.983417 0.000000 -0.000051 -1.000000 0.000000 -0.000051 -1.000000 0.000000 -0.000052 -1.000000 -0.000000 -0.000041 -1.000000 -0.000000 -0.000041 -1.000000 -0.000000 -0.000049 -1.000000 0.923879 -0.000000 0.382684 0.980786 -0.000000 0.195088 -0.195099 -0.000047 -0.980784 -0.382687 -0.000036 -0.923878 -0.980787 -0.000000 0.195081 0.382686 -0.000038 -0.923878 -0.382685 -0.000039 -0.923879 -0.980785 -0.000002 -0.195092 0.912405 0.001710 -0.409284 0.357226 -0.001265 -0.934017 0.000000 -0.000055 -1.000000 -0.000000 -0.000040 -1.000000 0.923878 -0.000000 0.382686 -0.382681 -0.000035 -0.923880 0.923867 -0.382685 -0.004812 -0.999277 0.000000 -0.038009 -0.998408 0.000000 0.056411 -1.000000 -0.000000 0.000002 -1.000000 0.000001 0.000002 -0.665623 -0.742697 0.073127 0.944339 0.328973 0.000368 
						0.985981 0.166858 0.000191 0.003586 -0.001935 -0.999992 -0.000010 -0.000069 -1.000000 -0.000009 -0.000089 -1.000000 0.000000 -0.000049 -1.000000 0.000000 -0.000047 -1.000000 0.000000 -0.000051 -1.000000 -0.000000 -0.000050 -1.000000 -0.000000 -0.000050 -1.000000 -0.000000 -0.000050 -1.000000 -0.000000 -0.000049 -1.000000 -0.000000 -0.000048 -1.000000 -0.000000 -0.000049 -1.000000 0.000000 -0.000050 -1.000000 0.000000 -0.000050 -1.000000 0.000000 -0.000051 -1.000000 0.000000 -0.000052 -1.000000 0.000000 -0.000052 -1.000000 0.000000 -0.000052 -1.000000 -0.000000 -0.000049 -1.000000 -0.000000 -0.000048 -1.000000 0.000000 -0.000049 -1.000000 -0.000000 -0.000042 -1.000000 -0.000000 -0.000042 -1.000000 -0.000000 -0.000042 -1.000000 0.000000 -0.000053 -1.000000 0.000000 -0.000060 -1.000000 0.000000 -0.000061 -1.000000 -0.000000 -0.000053 -1.000000 0.000000 -0.000061 -1.000000 0.000000 -0.000061 -1.000000 -0.000000 -0.000042 -1.000000 -0.000000 -0.000042 -1.000000 -0.000000 -0.000042 -1.000000 1.000000 0.000000 -0.000000 1.000000 0.000000 -0.000000 1.000000 0.000000 -0.000000 1.000000 0.000000 -0.000001 1.000000 0.000000 -0.000000 -1.000000 -0.000000 0.000002 1.000000 0.000000 -0.000000 1.000000 0.000000 0.000006 1.000000 0.000000 0.000002 0.923871 -0.382703 -0.000000 0.980783 -0.195103 -0.000000 0.000021 -0.000107 -1.000000 0.000065 -0.000158 -1.000000 -0.923876 0.382689 0.001408 -0.980984 0.194084 0.001013 -0.003110 -0.001363 -0.999994 -0.001667 -0.000393 -0.999999 -0.931096 -0.363863 -0.025749 -0.156261 -0.509272 -0.846300 0.418979 -0.552994 -0.720177 -0.780102 0.595206 -0.192797 -0.780102 0.595206 -0.192797 -0.780102 0.595206 -0.192797 -0.919883 -0.388315 0.055016 0.986473 0.163915 -0.001486 0.948970 0.315366 0.000895 0.990970 0.134081 0.000495 0.003567 0.006253 -0.999974 0.102997 0.197024 -0.974973 -0.665623 -0.742696 0.073127 
						0.946160 0.323699 0.000889 0.000145 -0.000105 -1.000000 0.923816 -0.382674 -0.011206 -0.923899 0.380915 -0.036269 -0.195107 -0.000045 -0.980782 -0.382713 -0.000040 -0.923867 -0.195110 -0.000045 -0.980781 -0.923877 0.000001 -0.382690 -0.980784 0.000001 -0.195094 -0.923877 -0.000000 -0.382690 -0.910354 -0.413677 0.011246 0.957526 0.180909 0.224535 0.999739 0.018556 0.013342 0.749815 0.484242 0.450873 -0.998884 -0.009603 -0.046248 0.992432 0.105948 -0.062071 0.909075 0.366004 -0.199056 -0.000014 -0.488744 -0.872427 0.997647 -0.059224 0.034542 0.990044 -0.121596 0.070906 0.000035 -0.488740 -0.872429 0.000032 -0.488744 -0.872427 1.000000 0.000000 0.000000 1.000000 0.000000 0.000000 -1.000000 -0.000030 0.000012 -1.000000 -0.000001 0.000000 1.000000 0.000000 0.000000 -1.000000 -0.000016 0.000003 0.998690 0.021158 0.046587 0.998690 0.021158 0.046586 1.000000 -0.000000 -0.000000 1.000000 0.000000 0.000000 1.000000 -0.000000 -0.000000 1.000000 -0.000002 -0.000000 1.000000 0.000000 0.000000 1.000000 -0.000000 -0.000000 1.000000 0.000000 0.000000 1.000000 0.000000 0.000000 1.000000 0.000000 -0.000000 1.000000 0.000000 -0.000000 -0.994912 0.038556 0.093081 -0.998785 -0.048329 -0.009613 -0.998596 0.010334 0.051953 -0.994856 -0.093587 -0.038765 -0.994615 -0.095751 -0.039661 -0.988398 -0.140326 -0.058125 -0.999844 0.006765 0.016333 -0.999116 0.008202 0.041234 -1.000000 0.000000 0.000002 -0.998864 -0.046736 -0.009296 -0.995692 0.035485 0.085668 1.000000 0.000000 0.000000 1.000000 0.000000 0.000003 1.000000 0.000000 0.000000 1.000000 0.000000 -0.000000 0.966358 -0.251253 0.054986 0.843619 0.479536 -0.241563 0.962577 0.264592 -0.058626 -0.886731 -0.156725 0.434908 -0.989909 0.012923 -0.141118 -0.860072 0.165866 -0.482457 -0.995936 0.008839 -0.089629 -0.999447 0.001063 -0.033248 1.000000 0.000091 -0.000090 
						-1.000000 0.000001 0.000005 1.000000 -0.000483 0.000303 -0.999806 -0.017190 0.009589 -0.999823 0.016397 -0.009177 -1.000000 0.000000 0.000002 -1.000000 0.000000 0.000001 -1.000000 0.000000 0.000002 -1.000000 0.000000 -0.000002 -1.000000 0.000000 -0.000007 -1.000000 0.000000 0.000000 -0.969718 0.123826 0.210510 -0.862939 0.320014 0.391060 -0.894745 -0.440383 0.074128 -0.952450 -0.285790 0.105659 0.686446 0.504526 -0.523685 0.806008 0.423031 -0.414000 -0.907580 -0.137052 -0.396882 -0.534310 -0.247277 -0.808311 0.094890 -0.448707 -0.888627 -0.974452 -0.105058 -0.198509 -0.990535 -0.093090 0.100867 -0.893375 0.446350 -0.051507 0.663666 -0.522321 0.535470 0.998744 0.045119 0.021784 -0.898349 0.139421 0.416570 -0.923876 0.187003 0.333891 -0.919454 0.238970 0.312247 -0.995009 -0.005647 0.099625 -0.989551 -0.140546 0.032171 0.364879 -0.547315 -0.753200 -0.993952 0.084959 -0.069581 -0.366828 -0.420033 -0.830066 -0.917457 -0.297506 -0.264127 -0.952921 0.286806 -0.098402 0.010420 -0.419711 -0.907598 0.106037 0.063421 -0.992338 0.008259 -0.426445 -0.904476 -0.928682 -0.369860 -0.027433 -0.984517 -0.174324 -0.018374 -0.996996 -0.077082 -0.007537 -0.984862 0.172556 0.016447 -0.928912 0.369397 0.025843 -0.996762 0.080089 0.007141 -0.094637 0.053997 -0.994046 -0.045149 -0.441429 -0.896160 -0.044496 -0.448354 -0.892748 1.000000 -0.000000 0.000000 0.998770 -0.005573 0.049277 1.000000 0.000001 -0.000000 0.999436 -0.000009 -0.033570 0.000000 -0.000052 -1.000000 -1.000000 0.000001 0.000000 -1.000000 0.000003 0.000000 -1.000000 -0.000004 -0.000000 0.000000 -0.000051 -1.000000 0.000000 0.000000 1.000000 1.000000 0.000000 0.000000 0.000000 0.000000 1.000000 -0.000000 -0.000049 -1.000000 0.000000 0.000000 1.000000 0.000000 0.000000 1.000000 0.000000 0.000000 1.000000 0.999920 -0.000000 -0.012685 -1.000000 0.000003 0.000000 
						-0.999067 0.000000 0.043191 -1.000000 0.000000 0.000002 -1.000000 0.000000 0.000002 -1.000000 0.000000 0.000002 -1.000000 0.000000 0.000002 -1.000000 0.000000 0.000002 -1.000000 0.000000 0.000000 -1.000000 -0.000000 -0.000000 -1.000000 -0.000000 -0.000000 -1.000000 0.000000 0.000003 -0.999343 -0.000000 0.036248 -0.967531 0.000000 0.252754 -0.999343 0.000000 0.036242 0.000000 -0.000052 -1.000000 0.000000 -0.000053 -1.000000 -0.126893 -0.990170 0.058834 0.020799 -0.999757 -0.007272 -0.104069 -0.993668 0.042358 0.169967 -0.977263 0.126759 0.136539 -0.989285 0.051702 0.189683 -0.973712 0.126118 -0.010883 -0.000788 -0.999941 -0.030524 -0.000816 -0.999534 -0.042060 -0.000049 -0.999115 -0.000000 -0.000042 -1.000000 -0.062666 -0.513992 -0.855503 1.000000 0.000001 0.000000 1.000000 0.000000 0.000001 0.998683 0.044248 -0.025957 0.000000 -0.488774 -0.872410 -0.997022 -0.076105 0.012420 -1.000000 0.000001 -0.000000 -0.980783 0.000001 -0.195100 -0.988550 0.073706 0.131667 -1.000000 -0.000023 0.000013 -1.000000 0.000011 -0.000006 -1.000000 0.000000 0.000000 -1.000000 -0.000000 -0.000000 -1.000000 0.000000 0.000000 -1.000000 0.000001 -0.000009 -1.000000 0.000005 -0.000116 -1.000000 0.000001 0.000003 0.792455 -0.430124 0.432444 -0.990405 -0.013560 0.137530 1.000000 -0.000000 -0.000063 -0.041677 0.021565 -0.998898 -0.026824 0.014070 -0.999541 -0.066378 0.036174 -0.997139 0.046751 0.022976 -0.998642 0.029917 0.014527 -0.999447 -0.000679 0.002031 -0.999998 1.000000 0.000001 -0.000000 1.000000 0.000000 -0.000001 -1.000000 -0.000000 -0.000000 -1.000000 0.000000 0.000002 -0.000000 -0.000050 -1.000000 0.000000 -0.000052 -1.000000 -1.000000 -0.000001 -0.000003 0.000000 -0.198754 -0.980049 -0.000000 -0.157571 -0.987508 -1.000000 -0.000000 -0.000000 0.000000 -0.198798 -0.980041 1.000000 0.000000 -0.000000 -1.000000 0.000000 0.000000 
						1.000000 0.000000 0.000000 -0.000000 -0.157574 -0.987507 -1.000000 -0.000000 -0.000000 -1.000000 0.000000 0.000003 -1.000000 -0.000000 -0.000000 -0.683226 -0.730206 -0.000919 0.943145 0.223565 0.245959 0.707094 -0.000003 0.707119 0.990790 0.051932 0.125053 -0.990591 0.052396 0.126429 -0.773352 -0.047487 0.632196 -0.888808 0.012923 0.458098 -0.707086 -0.000009 -0.707128 -0.691122 0.722713 0.005994 0.943834 -0.227085 0.240021 -0.986599 0.033584 -0.159671 -0.324716 -0.116203 -0.938646 -1.000000 -0.000005 0.000017 -0.979309 -0.077186 0.187073 0.904680 0.292262 -0.310061 0.898714 0.180853 -0.399506 0.903263 0.319456 -0.286467 0.000030 -0.000080 -1.000000 -0.923878 -0.382687 0.000000 -0.000033 -0.000079 -1.000000 -0.923880 0.382683 0.000003 -0.392391 0.189524 -0.900061 -0.978598 0.198264 0.055111 -0.900044 -0.189573 -0.392407 0.396227 0.220921 -0.891178 -0.877782 0.196897 0.436726 -0.981322 -0.181668 -0.063272 0.000031 -0.000080 -1.000000 -0.000013 -0.000030 -1.000000 0.000000 -0.309897 0.950770 0.000000 -0.194371 0.980928 0.000000 -0.148318 0.988940 -0.050413 -0.471538 -0.880404 0.000000 -0.832590 -0.553890 0.093141 -0.702047 -0.706014 0.000000 0.000002 1.000000 0.000000 -0.000010 1.000000 0.371272 -0.556852 -0.743016 0.345447 -0.622257 -0.702469 0.000000 0.885442 0.464749 0.000000 0.988205 0.153137 0.000000 0.999456 0.032971 0.000000 0.994000 0.109378 -0.767619 -0.639558 0.041537 0.855924 0.370161 0.361073 -0.104714 -0.676545 -0.728918 0.821559 -0.405822 0.400436 0.837306 -0.258309 -0.481866 -0.866818 0.475503 0.150078 0.087302 -0.592867 -0.800555 -0.841577 0.469879 0.266385 -1.000000 0.000000 -0.000000 -1.000000 0.000001 0.000000 -0.518074 -0.834996 -0.185424 -0.475988 -0.779680 -0.406859 -0.511272 -0.826766 -0.234645 -0.696870 0.698429 0.163001 -0.641104 -0.767283 -0.016240 -0.658942 -0.736141 -0.154569 
						-0.663495 -0.695234 -0.276448 -0.524451 0.760748 0.382379 -0.999229 0.004118 -0.039050 0.000000 -0.751045 -0.660251 0.997215 -0.056876 -0.048252 0.997330 0.059069 0.042948 -0.995326 -0.009369 -0.096111 -0.946876 0.304228 -0.104269 0.968096 0.070286 -0.240520 -0.860817 0.198741 0.468504 -0.436264 -0.469469 -0.767641 -0.974571 -0.204174 0.092328 0.126445 -0.529837 -0.838621 0.000013 -0.000032 -1.000000 -0.382687 -0.000039 -0.923878 -0.000032 -0.000077 -1.000000 0.980193 0.000471 -0.198042 0.340331 -0.014973 -0.940187 -0.986349 0.063017 0.152135 -1.000000 -0.000019 -0.000008 0.981818 -0.175376 0.072645 -0.989407 0.134118 0.055553 0.382682 -0.000038 -0.923880 -0.923784 0.014321 -0.382646 -0.169346 -0.000045 -0.985557 0.447609 -0.521791 -0.726210 -0.969140 0.197997 0.146852 -0.969140 0.197997 0.146852 -0.969140 0.197997 0.146852 -0.382713 -0.000040 -0.923867 -0.999838 -0.006967 0.016587 -0.000009 -0.488748 -0.872425 -0.999751 -0.020597 -0.008530 0.861929 -0.457865 0.217801 1.000000 0.000090 0.000070 -0.884957 -0.274444 -0.376206 -0.503451 0.259971 0.823985 -0.997451 0.046546 0.054088 -0.193746 0.107311 -0.975165 -0.173681 0.107721 -0.978893 -0.456199 0.097338 -0.884538 0.107130 0.075709 -0.991358 -0.945095 -0.325448 -0.029652 -0.945429 0.324706 0.027001 -0.095871 0.065748 -0.993220 -1.000000 -0.000000 -0.000000 -0.000000 -0.000049 -1.000000 -1.000000 -0.000000 -0.000000 -1.000000 -0.000000 0.000002 -0.197143 -0.967619 0.157635 -0.205538 -0.966519 0.153608 -0.213988 -0.959606 0.182665 0.068409 -0.997566 0.013472 0.153522 -0.986002 0.065040 0.153014 -0.982021 0.110551 0.000005 -0.000049 -1.000000 1.000000 0.000008 0.000014 1.000000 0.000016 0.000029 -0.998725 -0.049854 0.007973 -0.954371 -0.293295 0.056154 -0.997074 0.075068 -0.014458 -0.954070 0.292178 -0.066197 -0.998727 0.049564 -0.009356 -1.000000 0.000000 0.000002 
						1.000000 -0.000000 -0.000000 0.000866 0.002409 -0.999997 0.073661 0.039105 -0.996516 1.000000 -0.000000 -0.000000 
					</float_array>
					<technique_common>
						<accessor count="1156" offset="0" source="#meshId24-bitangents-array" stride="3">
							<param name="X" type="float" />
							<param name="Y" type="float" />
							<param name="Z" type="float" />
						</accessor>
					</technique_common>
				</source>
				<source id="meshId24-tex0" name="meshId24-tex0">
					<float_array id="meshId24-tex0-array" count="2312"> 
						0.598978 0.044610 0.600674 0.034391 0.600674 0.044610 0.700887 0.034391 0.700887 0.044610 0.061372 0.395625 0.063067 0.404724 0.061372 0.404724 0.752805 0.034391 0.752805 0.044610 0.063067 0.395625 0.190171 0.404724 0.756446 0.034391 0.756446 0.044610 0.107268 0.999467 0.000533 0.990368 0.107268 0.990368 0.927622 0.643296 0.952663 0.652395 0.927622 0.652395 0.644749 0.642230 0.538144 0.632011 0.644749 0.632011 0.209729 0.929853 0.234777 0.822963 0.234777 0.929852 0.209729 0.821897 0.234777 0.715009 0.234777 0.821898 0.644749 0.357771 0.788297 0.366870 0.644749 0.366870 0.244421 0.937911 0.240676 0.938052 0.240851 0.937187 0.768883 0.000533 0.912125 0.010752 0.768883 0.010752 0.247990 0.793663 0.244421 0.792939 0.248792 0.358344 0.249916 0.502041 0.246319 0.502615 0.233654 0.357770 0.237295 0.366869 0.233654 0.366869 0.238535 0.936718 0.912125 0.000533 0.913006 0.010752 0.246458 0.503485 0.251509 0.504551 0.252388 0.513650 0.251509 0.513650 0.248681 0.789010 0.246319 0.779911 0.248681 0.779911 0.252388 0.502539 0.250055 0.502912 0.233654 0.642230 0.231291 0.632011 0.233654 0.632011 0.522061 0.373898 0.525703 0.366118 0.525703 0.373898 
						0.470124 0.373895 0.522061 0.366117 0.369875 0.373890 0.470124 0.366115 0.368179 0.373890 0.369875 0.366109 0.016625 0.318850 0.008856 0.309751 0.016625 0.309751 0.476224 0.635476 0.474528 0.643257 0.474528 0.635476 0.374279 0.643262 0.374279 0.635481 0.322342 0.643264 0.322342 0.635484 0.318700 0.643265 0.318700 0.635484 0.860341 0.366870 0.789362 0.357771 0.901680 0.357771 0.860341 0.632011 0.789362 0.366870 0.016625 0.044610 0.008856 0.034391 0.016625 0.034391 0.008856 0.044610 0.231291 0.357770 0.231291 0.366869 0.248681 0.514770 0.246319 0.504551 0.248681 0.504551 0.246319 0.514770 0.251509 0.778791 0.252388 0.789010 0.251509 0.789010 0.252388 0.778791 0.912125 0.275893 0.913006 0.284992 0.912125 0.284992 0.913006 0.275893 0.237295 0.642230 0.237295 0.632011 0.768883 0.275893 0.768883 0.284992 0.788297 0.642231 0.788297 0.632012 0.538144 0.357771 0.538144 0.366870 0.927622 0.917536 0.952663 0.927755 0.927622 0.927755 0.952663 0.917536 0.107268 0.725227 0.000533 0.715008 0.107268 0.715008 0.000533 0.725227 0.752805 0.318850 0.756446 0.309751 0.756446 0.318850 0.752805 0.309751 0.063067 0.669865 0.190171 0.680084 0.063067 0.680084 
						0.190171 0.669865 0.700887 0.318850 0.700887 0.309751 0.061372 0.669865 0.061372 0.680084 0.600674 0.318850 0.600674 0.309751 0.598978 0.318850 0.598978 0.309751 0.047561 0.669865 0.307324 0.629856 0.308234 0.627149 0.308234 0.631653 0.001441 0.001443 0.000533 0.001677 0.003236 0.000533 0.766908 0.000533 0.767818 0.003240 0.766908 0.005037 0.532530 0.631642 0.535157 0.627138 0.537080 0.631665 0.542692 0.005037 0.538144 0.002446 0.542692 0.000533 0.274039 0.352156 0.271410 0.356706 0.269502 0.352179 0.308234 0.894527 0.307708 0.895437 0.307324 0.894528 0.229316 0.713033 0.230226 0.713558 0.229316 0.713943 0.267528 0.001443 0.268052 0.000533 0.268436 0.001443 0.532530 0.894517 0.537080 0.894273 0.532530 0.895426 0.537079 0.353975 0.534357 0.356705 0.532542 0.352156 0.005081 0.713033 0.002455 0.713943 0.000533 0.711213 0.310509 0.359648 0.307324 0.359129 0.311201 0.357771 0.269502 0.003035 0.272706 0.000533 0.274039 0.003719 0.542692 0.354888 0.539780 0.356705 0.538144 0.354204 0.229316 0.357770 0.230226 0.360500 0.229316 0.362320 0.537079 0.623343 0.536169 0.626073 0.536169 0.621523 0.267528 0.355795 0.268436 0.355551 0.265710 0.356705 
						0.003475 0.362320 0.000533 0.359693 0.004278 0.357770 0.535627 0.005082 0.535813 0.000533 0.537079 0.005082 0.311070 0.626061 0.307324 0.623058 0.311873 0.621512 0.542692 0.034391 0.538144 0.034391 0.538144 0.032116 0.274039 0.322847 0.269502 0.320573 0.274039 0.318298 0.269502 0.325122 0.274039 0.327397 0.000533 0.318850 0.000799 0.318850 0.000533 0.319305 0.000799 0.318850 0.001441 0.318850 0.000533 0.318850 0.274039 0.038388 0.269502 0.036863 0.274039 0.035338 0.269502 0.040663 0.274039 0.042937 0.538144 0.320375 0.538144 0.316576 0.542692 0.318850 0.307324 0.819722 0.308234 0.816993 0.308234 0.821542 0.191012 0.001443 0.190104 0.000666 0.192830 0.000533 0.189195 0.001443 0.190104 0.001443 0.307324 0.814263 0.308234 0.812443 0.532530 0.821531 0.536414 0.816981 0.537080 0.821531 0.532530 0.812432 0.532530 0.816982 0.458842 0.352156 0.454305 0.356705 0.454305 0.352156 0.463379 0.356705 0.463379 0.352156 0.536169 0.547627 0.537079 0.548537 0.536169 0.548537 0.537079 0.546718 0.536169 0.546718 0.189195 0.355795 0.190104 0.356572 0.189195 0.356705 0.191012 0.355795 0.190104 0.355795 0.311873 0.548526 0.307990 0.547616 0.311873 0.547616 
						0.458842 0.005082 0.461564 0.000533 0.463379 0.005082 0.456120 0.000533 0.454305 0.005082 0.311873 0.546706 0.307324 0.544886 0.161623 0.833241 0.166172 0.828692 0.166172 0.833241 0.458842 0.327396 0.463379 0.322847 0.463379 0.327396 0.454305 0.322847 0.454305 0.327396 0.458842 0.318297 0.454305 0.318297 0.258455 0.927755 0.253907 0.923205 0.258455 0.923205 0.151569 0.828693 0.155374 0.833242 0.152312 0.833242 0.253907 0.647845 0.257712 0.643296 0.258455 0.647845 0.454305 0.038388 0.458842 0.042937 0.454305 0.042937 0.458842 0.033838 0.454305 0.033838 0.463379 0.038388 0.463379 0.033838 0.133623 0.001443 0.129080 0.000666 0.133623 0.000533 0.124537 0.001443 0.129080 0.001443 0.308234 0.755881 0.307324 0.751332 0.308234 0.751332 0.307324 0.760430 0.308234 0.760430 0.307324 0.491053 0.311326 0.486504 0.311873 0.491053 0.397892 0.004535 0.402430 0.000533 0.402430 0.005083 0.393355 0.003988 0.397892 0.001199 0.310779 0.481954 0.307990 0.486504 0.307324 0.481954 0.402430 0.356705 0.397892 0.352156 0.402430 0.352156 0.532530 0.755870 0.537080 0.760419 0.532530 0.760419 0.532530 0.751321 0.536414 0.755870 0.393355 0.352156 0.397892 0.356039 
						0.393355 0.356705 0.133623 0.355795 0.129080 0.356566 0.129080 0.355712 0.536169 0.486515 0.537079 0.491065 0.536169 0.491065 0.536169 0.481966 0.536952 0.486515 0.124537 0.356705 0.124537 0.355630 0.926413 0.643296 0.926348 0.643296 0.926557 0.646026 0.239270 0.784848 0.238384 0.785128 0.238360 0.784926 0.278722 0.323757 0.277815 0.323081 0.278387 0.322847 0.277549 0.322847 0.277815 0.325577 0.276907 0.327397 0.277815 0.038388 0.277815 0.038388 0.277815 0.035398 0.244344 0.566200 0.245254 0.567140 0.245254 0.567502 0.277053 0.038388 0.277815 0.041118 0.276907 0.352156 0.277815 0.355728 0.277361 0.356706 0.278722 0.352156 0.277815 0.352156 0.537080 0.635018 0.537080 0.635928 0.532530 0.635473 0.537080 0.642799 0.537080 0.643709 0.532530 0.643254 0.284667 0.352156 0.285575 0.355728 0.285121 0.356706 0.286482 0.352156 0.285575 0.352156 0.242163 0.790213 0.241089 0.789956 0.241253 0.788388 0.243073 0.790964 0.242163 0.791626 0.256639 0.642230 0.256240 0.642230 0.256639 0.641320 0.285575 0.323113 0.285708 0.322714 0.286482 0.322847 0.284667 0.323757 0.285359 0.322847 0.242530 0.572364 0.241451 0.572505 0.242361 0.569740 0.256639 0.357771 
						0.256542 0.357771 0.257593 0.357771 0.240541 0.573640 0.241684 0.573297 0.240996 0.574290 0.545904 0.927048 0.545130 0.927755 0.544594 0.926846 0.236310 0.643295 0.237295 0.644003 0.236131 0.643800 0.243073 0.582649 0.242160 0.582138 0.243275 0.582143 0.241784 0.581466 0.242163 0.582570 0.241253 0.582381 0.539052 0.926846 0.539394 0.927755 0.538144 0.926846 0.238360 0.577622 0.239434 0.577273 0.239270 0.578841 0.739220 0.644206 0.738281 0.643681 0.740315 0.643296 0.242361 0.364098 0.241403 0.364558 0.241992 0.363594 0.240541 0.365127 0.241451 0.364825 0.304738 0.681530 0.303731 0.682098 0.303529 0.681530 0.544802 0.643296 0.545904 0.643865 0.544543 0.643865 0.244217 0.359621 0.245254 0.359704 0.244344 0.360558 0.539505 0.643865 0.538144 0.643631 0.540260 0.643296 0.739251 0.926845 0.739337 0.927755 0.738281 0.926900 0.274039 0.047487 0.269502 0.045212 0.274039 0.042937 0.269502 0.049762 0.274039 0.052036 0.542692 0.309751 0.538144 0.309751 0.538144 0.307477 0.269502 0.314903 0.274039 0.312628 0.274039 0.317178 0.542692 0.044610 0.538144 0.044610 0.538144 0.042335 0.269502 0.310354 0.274039 0.308079 0.277815 0.317178 0.277815 0.312628 
						0.273856 0.312628 0.277815 0.312628 0.277815 0.052036 0.277815 0.047487 0.273856 0.047487 0.277815 0.047487 0.914071 0.267159 0.914056 0.266917 0.917245 0.266907 0.256299 0.610695 0.257071 0.608573 0.256639 0.612275 0.735130 0.894074 0.735885 0.893193 0.736069 0.896223 0.735906 0.893152 0.735082 0.893171 0.735082 0.892261 0.735143 0.676185 0.735906 0.676218 0.735082 0.677097 0.735254 0.675280 0.735917 0.675758 0.285855 0.071221 0.285758 0.068358 0.285575 0.066669 0.256639 0.390690 0.257122 0.389730 0.259803 0.389118 0.539052 0.917654 0.538417 0.916494 0.539052 0.914063 0.739225 0.653515 0.738281 0.655597 0.738281 0.653429 0.538144 0.912430 0.539052 0.910472 0.539506 0.655361 0.538448 0.654702 0.538144 0.652395 0.538144 0.656665 0.539279 0.656737 0.539052 0.658113 0.739240 0.918656 0.738281 0.918656 0.738281 0.914387 0.237295 0.670157 0.236284 0.672253 0.236131 0.665705 0.544594 0.896441 0.545751 0.889460 0.545904 0.900893 0.544997 0.887715 0.544795 0.892078 0.546721 0.887856 0.545904 0.887331 0.546729 0.886946 0.546755 0.888761 0.303680 0.654770 0.304738 0.656328 0.303529 0.661905 0.546806 0.681167 0.545708 0.680387 0.546410 0.670625 
						0.545904 0.682099 0.546747 0.682073 0.546729 0.682983 0.544997 0.680870 0.544543 0.674644 0.544770 0.677757 0.254711 0.358421 0.253907 0.358102 0.254711 0.357771 0.736565 0.643299 0.737215 0.644087 0.736504 0.644209 0.239270 0.573640 0.238745 0.574290 0.238360 0.573572 0.303008 0.682098 0.302001 0.681335 0.303209 0.681530 0.239270 0.365127 0.238360 0.364886 0.239497 0.364558 0.547213 0.644059 0.547916 0.643296 0.548103 0.644206 0.244344 0.582649 0.244784 0.582143 0.245254 0.582859 0.235721 0.643800 0.234558 0.643600 0.235542 0.643295 0.547861 0.927755 0.547213 0.927018 0.548052 0.926845 0.244344 0.790964 0.245254 0.791489 0.244344 0.791874 0.736391 0.926848 0.737215 0.927374 0.736391 0.927758 0.254711 0.641320 0.254247 0.642230 0.253907 0.641320 0.008856 0.001443 0.003236 0.000533 0.008856 0.000533 0.307324 0.635485 0.308234 0.631653 0.308234 0.635484 0.598978 0.000533 0.598978 0.005037 0.532530 0.627138 0.476224 0.631645 0.476224 0.627141 0.537080 0.892697 0.218853 0.713943 0.218853 0.713033 0.308234 0.895437 0.318700 0.894527 0.318700 0.895437 0.268436 0.034391 0.267528 0.034391 0.230226 0.680084 0.229316 0.680084 0.535627 0.033838 
						0.536866 0.037721 0.000533 0.394293 0.003535 0.395625 0.536169 0.621523 0.525703 0.626072 0.525703 0.621523 0.229316 0.357770 0.218853 0.362320 0.218853 0.357770 0.265710 0.356705 0.191012 0.356705 0.277815 0.000533 0.277815 0.003810 0.307324 0.360984 0.310601 0.366106 0.307324 0.366106 0.756446 0.355513 0.767551 0.356705 0.756446 0.356705 0.525703 0.357782 0.536169 0.359089 0.525703 0.359105 0.268436 0.044610 0.267528 0.044610 0.229316 0.669865 0.230226 0.669865 0.532542 0.327396 0.005081 0.680084 0.001441 0.034391 0.000533 0.003240 0.001441 0.001443 0.767818 0.034391 0.766908 0.005037 0.767818 0.003240 0.538144 0.036666 0.277815 0.320118 0.001441 0.318850 0.000533 0.309751 0.001441 0.309751 0.767818 0.318850 0.766908 0.309751 0.767818 0.309751 0.267528 0.318850 0.268436 0.353975 0.267528 0.355795 0.230226 0.395625 0.229316 0.362320 0.230226 0.360500 0.277815 0.041118 0.277815 0.038388 0.277815 0.035398 0.267528 0.000533 0.537080 0.812432 0.133623 0.356705 0.534084 0.000533 0.307324 0.550345 0.536415 0.323513 0.161623 0.905805 0.166172 0.907137 0.155374 0.906711 0.152372 0.907138 0.535627 0.033838 0.536866 0.037721 0.189195 0.034391 
						0.190104 0.044610 0.189195 0.044610 0.190104 0.034391 0.191012 0.044610 0.191012 0.034391 0.458842 0.069454 0.454305 0.069545 0.258455 0.672558 0.253907 0.674362 0.189195 0.318850 0.190104 0.318850 0.525703 0.547627 0.525703 0.546717 0.525703 0.548537 0.318700 0.816992 0.318700 0.821541 0.318700 0.812443 0.296387 0.647845 0.300935 0.652711 0.296387 0.654553 0.902745 0.359104 0.907282 0.366870 0.902745 0.367186 0.300269 0.643962 0.109665 0.828695 0.152312 0.833242 0.108333 0.833244 0.296387 0.923205 0.207331 0.828694 0.600674 0.000533 0.600674 0.005037 0.474528 0.631645 0.474528 0.627141 0.061372 0.713033 0.005081 0.713943 0.476224 0.895429 0.368179 0.626064 0.061372 0.362320 0.598978 0.356705 0.542020 0.356705 0.368179 0.359544 0.368179 0.546709 0.368179 0.547619 0.476224 0.821534 0.476224 0.816984 0.063067 0.713033 0.061372 0.713943 0.474528 0.895429 0.476224 0.894519 0.369875 0.621515 0.368179 0.621515 0.063067 0.357770 0.061372 0.357770 0.600674 0.355188 0.598978 0.354997 0.368179 0.357774 0.369875 0.359361 0.369875 0.546709 0.369875 0.547619 0.368179 0.548529 0.474528 0.821534 0.474528 0.816985 0.476224 0.812435 0.700887 0.000533 
						0.700887 0.005037 0.374279 0.631650 0.374279 0.627146 0.163395 0.713943 0.063067 0.713943 0.374279 0.894524 0.474528 0.894519 0.470124 0.621520 0.369875 0.626064 0.163763 0.357770 0.063067 0.362320 0.700887 0.355331 0.600674 0.356705 0.369875 0.357774 0.470124 0.359236 0.470124 0.546714 0.470124 0.547624 0.369875 0.548529 0.374279 0.821539 0.374279 0.816989 0.474528 0.812435 0.752805 0.000533 0.752805 0.005037 0.322342 0.631652 0.322342 0.627149 0.164012 0.713033 0.215212 0.713943 0.374173 0.895434 0.322342 0.894527 0.522061 0.621523 0.470598 0.626069 0.215212 0.357770 0.166520 0.362320 0.752805 0.355436 0.700887 0.356705 0.470124 0.357779 0.522061 0.359153 0.522061 0.546717 0.522061 0.547627 0.470124 0.548534 0.322342 0.821541 0.322342 0.816992 0.374279 0.812440 0.756446 0.000533 0.756446 0.005037 0.318700 0.631653 0.318700 0.627149 0.215212 0.713033 0.322342 0.895437 0.522061 0.626072 0.215212 0.362320 0.752805 0.356705 0.522061 0.357782 0.522061 0.548537 0.322342 0.812443 0.766908 0.000533 0.308234 0.627149 0.187378 0.000533 0.402430 0.327396 0.397892 0.323513 0.397892 0.038388 0.402430 0.033838 0.286028 0.356706 0.016625 0.356705 
						0.016625 0.355623 0.537079 0.481966 0.536169 0.373899 0.537079 0.373899 0.525703 0.486515 0.525703 0.481965 0.525703 0.491064 0.318700 0.755880 0.318700 0.760430 0.318700 0.751331 0.322342 0.755880 0.322342 0.760430 0.322342 0.751331 0.522061 0.486515 0.522061 0.481965 0.522061 0.491064 0.470124 0.486512 0.470124 0.481963 0.470124 0.491061 0.374279 0.755878 0.374279 0.760427 0.374279 0.751328 0.474528 0.755873 0.474528 0.760422 0.474528 0.751324 0.369875 0.486507 0.369875 0.481957 0.369875 0.491056 0.368179 0.486507 0.368179 0.481957 0.368179 0.491056 0.476224 0.755873 0.476224 0.760422 0.476224 0.751323 0.124537 0.034391 0.129080 0.044610 0.124537 0.044610 0.129080 0.034391 0.133623 0.044610 0.393355 0.042937 0.133623 0.034391 0.129080 0.318850 0.133623 0.318850 0.016625 0.000533 0.016625 0.001443 0.308234 0.643265 0.307324 0.643265 0.285575 0.000533 0.285575 0.003945 0.307324 0.373887 0.310735 0.373887 0.283383 0.322847 0.238641 0.785586 0.245254 0.567502 0.283374 0.038388 0.277815 0.035398 0.285575 0.038388 0.274016 0.356706 0.008856 0.355603 0.000915 0.356705 0.000533 0.355567 0.537079 0.366118 0.536946 0.357974 0.278268 0.356706 
						0.008856 0.356705 0.536169 0.366118 0.124537 0.000533 0.393355 0.000533 0.108333 0.715918 0.157966 0.715011 0.157966 0.715921 0.256639 0.642230 0.306258 0.641320 0.306258 0.642230 0.540336 0.927755 0.739240 0.918656 0.738281 0.926900 0.738281 0.918656 0.545904 0.669067 0.925771 0.927755 0.740017 0.927755 0.245254 0.566626 0.926557 0.646026 0.926413 0.643296 0.238360 0.784926 0.239270 0.784848 0.267528 0.309751 0.268436 0.318850 0.230226 0.404724 0.229316 0.395625 0.268436 0.309751 0.229316 0.404724 0.538144 0.312026 0.538144 0.046885 0.001441 0.044610 0.000533 0.034391 0.767818 0.044610 0.766908 0.034391 0.000533 0.044610 0.766908 0.044610 0.189195 0.309751 0.190104 0.309751 0.191012 0.318850 0.191012 0.309751 0.458842 0.289532 0.258455 0.896342 0.454305 0.289403 0.253907 0.894440 0.300935 0.917204 0.300269 0.927089 0.902745 0.640898 0.907282 0.632011 0.907282 0.642230 0.296387 0.915267 0.902745 0.631679 0.124537 0.309751 0.124537 0.318850 0.129080 0.309751 0.133623 0.309751 0.918029 0.250404 0.914071 0.018637 0.917850 0.017021 0.356553 0.063869 0.361091 0.299530 0.356553 0.294524 0.256639 0.607624 0.259803 0.609218 0.738281 0.644206 
						0.538144 0.926846 0.738281 0.658621 0.735082 0.677097 0.735082 0.892261 0.277815 0.047487 0.277815 0.052036 0.277815 0.042937 0.277815 0.312628 0.277815 0.317178 0.277815 0.308079 0.736509 0.652398 0.737195 0.652760 0.253948 0.367232 0.254711 0.369266 0.302104 0.671875 0.303209 0.665378 0.548089 0.652395 0.547164 0.653520 0.238360 0.365334 0.736391 0.917539 0.737215 0.926848 0.253948 0.631641 0.234663 0.654656 0.234558 0.644033 0.548038 0.917536 0.256240 0.642230 0.254711 0.642230 0.256307 0.387741 0.736066 0.673269 0.240314 0.364558 0.546387 0.898798 0.239270 0.574290 0.256237 0.357771 0.254711 0.629554 0.361584 0.977331 0.365481 0.906531 0.365481 0.977349 0.356553 0.063869 0.285575 0.066669 0.361091 0.058815 0.285575 0.292892 0.356553 0.294524 0.361091 0.299530 0.914071 0.267159 0.917947 0.338014 0.914071 0.338033 0.598978 0.034391 0.766908 0.318850 0.767818 0.319760 0.000533 0.319305 0.368179 0.366109 0.218853 0.395625 0.218853 0.669865 0.218853 0.680084 0.208664 0.907139 0.005081 0.680084 0.047561 0.680084 0.061372 0.680084 0.108333 0.907140 0.047561 0.395625 0.003535 0.395625 0.061372 0.395625 0.008856 0.318850 0.218853 0.404724 
						0.393355 0.322847 0.980982 0.642230 0.980982 0.632011 0.980982 0.366870 0.907282 0.357771 0.980982 0.357771 0.190171 0.395625 0.215212 0.680084 0.215212 0.395625 0.285575 0.038388 0.286482 0.322847 0.285708 0.322714 0.285575 0.321937 0.108333 0.823075 0.157966 0.827627 0.807100 0.286481 0.810426 0.335690 0.768883 0.335602 0.853391 0.290018 0.853326 0.335626 0.848022 0.286375 0.208664 0.823075 0.159031 0.715011 0.208664 0.715008 0.476224 0.643257 0.239270 0.784848 0.922473 0.653515 0.922473 0.918656 0.926557 0.925026 0.244344 0.566200 0.259803 0.609218 0.306258 0.632011 0.256639 0.641320 0.256639 0.641320 0.256639 0.612275 0.256639 0.357771 0.256639 0.357771 0.306258 0.357771 0.306258 0.366870 0.790270 0.642230 0.789628 0.641964 0.789362 0.641321 0.235721 0.661260 0.361091 0.058815 0.963686 0.265674 0.963852 0.266739 0.917947 0.338014 0.917245 0.266907 0.315722 0.906060 0.361584 0.977331 0.315761 0.977227 0.926557 0.658065 0.000533 0.999467 0.952663 0.643296 0.538144 0.642230 0.209729 0.822965 0.209729 0.715008 0.788297 0.357771 0.244245 0.938776 0.252388 0.357770 0.237295 0.357770 0.238360 0.937582 0.913006 0.000533 0.252388 0.504551 
						0.246319 0.789010 0.252249 0.501668 0.231291 0.642230 0.789362 0.632011 0.047561 0.404724 0.307324 0.628293 0.000533 0.003240 0.767433 0.000533 0.538144 0.005059 0.230226 0.713033 0.537079 0.355551 0.269502 0.001591 0.229842 0.357770 0.537079 0.624919 0.268436 0.353975 0.000533 0.362320 0.308907 0.626061 0.270477 0.322847 0.270476 0.038579 0.538144 0.320375 0.538144 0.318850 0.538144 0.316576 0.307457 0.816993 0.458842 0.356039 0.536946 0.547627 0.458842 0.001199 0.161623 0.828692 0.458842 0.322847 0.254888 0.927755 0.154553 0.828693 0.253907 0.643296 0.458842 0.038388 0.307457 0.755881 0.537080 0.751321 0.926413 0.643296 0.926545 0.643296 0.926348 0.643296 0.238384 0.785128 0.277689 0.038388 0.245254 0.566626 0.537080 0.635473 0.537080 0.643254 0.242618 0.791874 0.242163 0.791626 0.256639 0.642230 0.256639 0.642230 0.256240 0.642230 0.256237 0.357771 0.545904 0.927550 0.237225 0.643295 0.238360 0.576612 0.738281 0.644206 0.304738 0.681933 0.545821 0.643296 0.244667 0.358817 0.538144 0.644152 0.270477 0.047487 0.270477 0.312628 0.914071 0.267159 0.914071 0.266918 0.914056 0.266917 0.256546 0.608499 0.285855 0.071221 0.285575 0.071250 
						0.285758 0.068358 0.256639 0.390633 0.538144 0.917622 0.738281 0.918656 0.237295 0.679838 0.304415 0.646802 0.253907 0.358559 0.736941 0.643299 0.302426 0.682098 0.547213 0.643613 0.244142 0.582143 0.547487 0.927755 0.245254 0.790964 0.307324 0.629856 0.536169 0.626073 0.537079 0.623343 0.767818 0.355567 0.536946 0.357974 0.536415 0.323513 0.000533 0.681417 0.000533 0.318850 0.300269 0.643962 0.151569 0.828693 0.300269 0.927089 0.208664 0.833244 0.244344 0.566200 0.283374 0.038388 0.277815 0.038388 0.277815 0.035398 0.108333 0.715008 0.538144 0.644152 0.244344 0.566200 0.269502 0.040663 0.914071 0.249292 0.738281 0.914387 0.737195 0.917168 0.547163 0.916394 0.256639 0.386052 0.256237 0.357771 0.256639 0.357771 0.254711 0.358421 0.362308 0.906238 0.285855 0.071221 0.285815 0.288304 0.917245 0.266907 0.047561 0.680084 0.152372 0.907138 0.047561 0.395625 0.393355 0.322847 0.768953 0.289871 0.774112 0.286317 0.770459 0.287263 0.811800 0.335690 0.816808 0.285835 0.851769 0.287335 0.159031 0.827626 0.926557 0.648966 0.926557 0.923206 0.256639 0.612275 0.257071 0.608573 0.259803 0.389118 0.257122 0.389730 0.256639 0.386052 0.901680 0.642230 
						0.963686 0.000533 0.963814 0.337907 0.362308 0.906238 0.926557 0.914107 
					</float_array>
					<technique_common>
						<accessor count="1156" offset="0" source="#meshId24-tex0-array" stride="2">
							<param name="S" type="float" />
							<param name="T" type="float" />
						</accessor>
					</technique_common>
				</source>
				<vertices id="meshId24-vertices">
					<input semantic="POSITION" source="#meshId24-positions" />
				</vertices>
				<polylist count="1398" material="defaultMaterial">
					<input offset="0" semantic="VERTEX" source="#meshId24-vertices" />
					<input offset="0" semantic="NORMAL" source="#meshId24-normals" />
					<input offset="0" semantic="TANGENT" source="#meshId24-tangents" />
					<input offset="0" semantic="BINORMAL" source="#meshId24-bitangents" />
					<input offset="0" semantic="TEXCOORD" source="#meshId24-tex0" set="0" />
					<vcount>
						3 3 3 3 3 3 3 3 3 3 3 3 3 3 3 3 3 3 3 3 3 3 3 3 3 3 3 3 3 3 3 3 3 3 3 3 3 3 3 3 3 3 3 3 3 3 3 3 3 3 3 3 3 3 3 3 3 3 3 3 3 3 3 3 
						3 3 3 3 3 3 3 3 3 3 3 3 3 3 3 3 3 3 3 3 3 3 3 3 3 3 3 3 3 3 3 3 3 3 3 3 3 3 3 3 3 3 3 3 3 3 3 3 3 3 3 3 3 3 3 3 3 3 3 3 3 3 3 3 
						3 3 3 3 3 3 3 3 3 3 3 3 3 3 3 3 3 3 3 3 3 3 3 3 3 3 3 3 3 3 3 3 3 3 3 3 3 3 3 3 3 3 3 3 3 3 3 3 3 3 3 3 3 3 3 3 3 3 3 3 3 3 3 3 
						3 3 3 3 3 3 3 3 3 3 3 3 3 3 3 3 3 3 3 3 3 3 3 3 3 3 3 3 3 3 3 3 3 3 3 3 3 3 3 3 3 3 3 3 3 3 3 3 3 3 3 3 3 3 3 3 3 3 3 3 3 3 3 3 
						3 3 3 3 3 3 3 3 3 3 3 3 3 3 3 3 3 3 3 3 3 3 3 3 3 3 3 3 3 3 3 3 3 3 3 3 3 3 3 3 3 3 3 3 3 3 3 3 3 3 3 3 3 3 3 3 3 3 3 3 3 3 3 3 
						3 3 3 3 3 3 3 3 3 3 3 3 3 3 3 3 3 3 3 3 3 3 3 3 3 3 3 3 3 3 3 3 3 3 3 3 3 3 3 3 3 3 3 3 3 3 3 3 3 3 3 3 3 3 3 3 3 3 3 3 3 3 3 3 
						3 3 3 3 3 3 3 3 3 3 3 3 3 3 3 3 3 3 3 3 3 3 3 3 3 3 3 3 3 3 3 3 3 3 3 3 3 3 3 3 3 3 3 3 3 3 3 3 3 3 3 3 3 3 3 3 3 3 3 3 3 3 3 3 
						3 3 3 3 3 3 3 3 3 3 3 3 3 3 3 3 3 3 3 3 3 3 3 3 3 3 3 3 3 3 3 3 3 3 3 3 3 3 3 3 3 3 3 3 3 3 3 3 3 3 3 3 3 3 3 3 3 3 3 3 3 3 3 3 
						3 3 3 3 3 3 3 3 3 3 3 3 3 3 3 3 3 3 3 3 3 3 3 3 3 3 3 3 3 3 3 3 3 3 3 3 3 3 3 3 3 3 3 3 3 3 3 3 3 3 3 3 3 3 3 3 3 3 3 3 3 3 3 3 
						3 3 3 3 3 3 3 3 3 3 3 3 3 3 3 3 3 3 3 3 3 3 3 3 3 3 3 3 3 3 3 3 3 3 3 3 3 3 3 3 3 3 3 3 3 3 3 3 3 3 3 3 3 3 3 3 3 3 3 3 3 3 3 3 
						3 3 3 3 3 3 3 3 3 3 3 3 3 3 3 3 3 3 3 3 3 3 3 3 3 3 3 3 3 3 3 3 3 3 3 3 3 3 3 3 3 3 3 3 3 3 3 3 3 3 3 3 3 3 3 3 3 3 3 3 3 3 3 3 
						3 3 3 3 3 3 3 3 3 3 3 3 3 3 3 3 3 3 3 3 3 3 3 3 3 3 3 3 3 3 3 3 3 3 3 3 3 3 3 3 3 3 3 3 3 3 3 3 3 3 3 3 3 3 3 3 3 3 3 3 3 3 3 3 
						3 3 3 3 3 3 3 3 3 3 3 3 3 3 3 3 3 3 3 3 3 3 3 3 3 3 3 3 3 3 3 3 3 3 3 3 3 3 3 3 3 3 3 3 3 3 3 3 3 3 3 3 3 3 3 3 3 3 3 3 3 3 3 3 
						3 3 3 3 3 3 3 3 3 3 3 3 3 3 3 3 3 3 3 3 3 3 3 3 3 3 3 3 3 3 3 3 3 3 3 3 3 3 3 3 3 3 3 3 3 3 3 3 3 3 3 3 3 3 3 3 3 3 3 3 3 3 3 3 
						3 3 3 3 3 3 3 3 3 3 3 3 3 3 3 3 3 3 3 3 3 3 3 3 3 3 3 3 3 3 3 3 3 3 3 3 3 3 3 3 3 3 3 3 3 3 3 3 3 3 3 3 3 3 3 3 3 3 3 3 3 3 3 3 
						3 3 3 3 3 3 3 3 3 3 3 3 3 3 3 3 3 3 3 3 3 3 3 3 3 3 3 3 3 3 3 3 3 3 3 3 3 3 3 3 3 3 3 3 3 3 3 3 3 3 3 3 3 3 3 3 3 3 3 3 3 3 3 3 
						3 3 3 3 3 3 3 3 3 3 3 3 3 3 3 3 3 3 3 3 3 3 3 3 3 3 3 3 3 3 3 3 3 3 3 3 3 3 3 3 3 3 3 3 3 3 3 3 3 3 3 3 3 3 3 3 3 3 3 3 3 3 3 3 
						3 3 3 3 3 3 3 3 3 3 3 3 3 3 3 3 3 3 3 3 3 3 3 3 3 3 3 3 3 3 3 3 3 3 3 3 3 3 3 3 3 3 3 3 3 3 3 3 3 3 3 3 3 3 3 3 3 3 3 3 3 3 3 3 
						3 3 3 3 3 3 3 3 3 3 3 3 3 3 3 3 3 3 3 3 3 3 3 3 3 3 3 3 3 3 3 3 3 3 3 3 3 3 3 3 3 3 3 3 3 3 3 3 3 3 3 3 3 3 3 3 3 3 3 3 3 3 3 3 
						3 3 3 3 3 3 3 3 3 3 3 3 3 3 3 3 3 3 3 3 3 3 3 3 3 3 3 3 3 3 3 3 3 3 3 3 3 3 3 3 3 3 3 3 3 3 3 3 3 3 3 3 3 3 3 3 3 3 3 3 3 3 3 3 
						3 3 3 3 3 3 3 3 3 3 3 3 3 3 3 3 3 3 3 3 3 3 3 3 3 3 3 3 3 3 3 3 3 3 3 3 3 3 3 3 3 3 3 3 3 3 3 3 3 3 3 3 3 3 3 3 3 3 3 3 3 3 3 3 
						3 3 3 3 3 3 3 3 3 3 3 3 3 3 3 3 3 3 3 3 3 3 3 3 3 3 3 3 3 3 3 3 3 3 3 3 3 3 3 3 3 3 3 3 3 3 3 3 3 3 3 3 3 3 
					</vcount>
					<p>
						0 1 2 2 3 4 5 6 7 4 8 9 10 11 6 9 12 13 14 15 16 17 18 19 20 21 22 23 24 25 26 27 28 29 30 31 32 33 34 35 36 37 38 34 39 40 41 42 43 44 45 33 46 34 47 48 36 41 49 42 50 51 52 53 54 55 41 56 57 58 59 60 61 62 63 64 65 61 66 67 64 68 69 66 70 71 72 73 74 75 75 76 77 77 78 79 79 80 81 82 83 84 85 86 82 87 88 89 72 90 87 45 91 43 60 92 45 93 94 95 55 96 93 97 98 99 52 100 97 101 102 103 36 104 101 60 105 58 45 106 60 107 103 108 37 101 107 22 109 20 31 110 22 31 111 29 22 112 31 113 114 115 19 116 113 117 118 119 16 120 117 121 122 123 124 13 122 125 126 127 6 128 125 129 124 121 130 9 124 131 127 132 
						7 125 131 133 130 129 134 4 130 135 134 133 136 2 134 137 7 131 138 139 140 141 142 143 144 145 146 147 148 149 150 151 152 153 154 155 156 157 158 159 160 161 162 163 164 165 166 167 168 169 170 171 172 173 174 175 176 177 178 179 180 181 182 183 184 185 186 187 188 189 190 191 192 193 194 195 196 197 198 199 200 201 202 203 204 205 206 207 204 208 209 210 211 212 213 214 215 216 217 218 215 219 220 221 222 223 224 225 226 227 228 229 227 230 224 231 232 233 234 235 236 234 237 238 239 240 241 238 242 243 244 245 246 243 247 248 249 250 251 249 252 253 254 255 256 257 258 259 256 260 261 254 262 263 264 265 266 267 268 269 266 270 271 269 272 273 274 275 276 277 278 279 280 281 282 283 284 285 282 286 287 285 288 289 290 291 292 290 293 294 295 296 
						297 294 298 299 300 301 302 303 304 305 306 302 307 308 309 310 311 312 313 314 315 316 317 313 318 319 320 321 322 323 324 325 326 327 328 324 323 329 330 331 332 333 334 335 336 337 338 339 340 341 342 343 344 345 346 347 348 344 349 350 351 352 353 354 352 355 356 357 358 359 360 361 362 363 364 365 363 366 367 368 369 370 371 367 372 373 374 375 376 377 378 379 375 380 381 382 383 384 385 386 387 388 389 390 391 392 393 394 395 396 397 398 399 400 401 402 403 404 405 406 407 408 409 410 411 412 413 411 414 415 416 417 418 419 420 421 422 423 424 425 426 427 428 429 430 431 432 433 430 434 435 436 437 438 439 440 441 442 443 439 444 445 446 447 448 447 449 448 450 451 452 451 453 452 454 455 456 457 458 459 460 461 462 463 464 465 466 467 468 469 470 466 
						471 472 473 474 475 476 477 478 479 480 481 482 479 483 484 485 486 487 488 489 490 491 492 493 494 495 496 497 498 499 500 498 501 502 503 504 505 498 502 506 507 508 509 510 511 512 513 514 515 510 512 516 510 517 518 519 520 521 522 523 524 525 526 527 528 529 530 531 532 533 534 535 536 537 538 539 540 541 542 543 544 545 546 547 548 549 550 551 552 553 554 555 556 557 558 559 150 560 561 562 563 564 170 241 242 565 233 235 159 566 567 568 569 570 162 571 572 573 159 574 575 197 576 577 192 578 579 580 581 582 583 584 251 585 586 244 579 245 179 587 588 589 590 591 592 593 594 595 596 597 208 155 207 203 150 201 572 598 599 573 600 601 602 168 170 173 603 171 604 605 606 607 608 609 206 438 440 610 441 443 208 340 342 204 611 340 612 613 614 615 616 617 
						618 619 620 621 622 623 217 177 179 220 180 182 624 215 625 625 217 626 162 228 627 158 225 156 240 310 312 628 315 314 248 629 321 246 326 325 258 630 195 631 200 199 602 267 632 633 265 634 278 635 636 287 637 638 639 640 641 642 643 640 260 285 286 256 288 285 229 642 639 230 644 642 284 645 646 279 647 648 270 238 240 266 242 238 649 252 248 650 251 252 247 651 652 243 653 651 225 654 655 224 656 654 657 658 659 660 661 662 657 280 663 664 665 666 667 273 275 668 265 264 561 669 670 564 671 672 673 674 171 675 165 167 200 676 198 194 677 192 180 678 679 176 680 174 681 255 261 682 253 255 683 237 233 684 236 237 685 686 673 687 688 675 689 676 690 691 677 692 693 678 694 695 696 680 697 682 681 698 699 682 700 684 683 701 702 684 670 703 704 672 705 706 
						685 707 708 687 709 710 711 712 689 713 714 691 715 716 693 717 718 696 719 698 697 720 721 698 722 701 700 723 724 701 704 725 726 706 727 728 729 730 707 731 732 709 733 734 711 735 736 713 737 738 715 739 740 718 741 720 719 742 743 720 744 723 722 745 746 723 726 747 748 728 749 750 567 730 751 570 732 752 581 753 733 584 754 735 592 755 737 756 597 740 652 742 741 651 757 742 655 745 744 654 758 745 748 759 608 750 558 760 289 761 229 297 232 231 260 303 259 262 301 261 762 269 270 763 272 269 284 764 282 282 765 286 365 320 766 360 316 361 330 767 768 769 770 771 327 772 773 324 774 772 298 775 776 294 777 775 776 778 779 775 780 778 773 781 782 772 783 781 782 784 785 781 786 784 779 787 788 778 789 787 788 790 791 787 792 790 785 793 794 784 795 793 
						794 796 797 793 798 796 791 799 800 790 801 799 800 313 315 799 316 313 802 803 804 805 806 803 305 764 807 302 765 764 292 805 802 293 808 805 318 763 311 311 762 312 330 809 323 323 810 321 797 300 307 796 301 300 554 811 812 557 813 814 588 815 816 817 590 818 337 819 378 820 369 368 382 821 380 822 823 824 351 825 153 356 147 149 826 827 828 829 596 830 342 355 351 341 354 355 362 831 354 359 358 357 768 832 826 771 833 829 812 834 292 814 296 295 816 835 305 309 818 307 378 366 362 375 365 366 836 837 838 839 840 841 406 398 400 842 391 390 420 426 418 412 423 410 843 844 845 487 424 485 420 846 516 415 508 507 413 381 386 414 382 381 427 847 848 849 423 422 850 409 851 852 406 853 395 367 399 399 369 400 854 855 618 856 857 621 599 858 854 601 859 856 
						860 222 221 445 433 434 861 435 437 862 863 604 864 865 607 614 866 862 617 867 864 868 650 649 869 870 650 641 869 868 640 871 869 272 872 271 274 873 275 874 645 872 875 647 873 667 876 877 878 879 880 881 658 876 882 661 879 883 809 884 885 810 809 804 885 883 803 886 885 887 888 889 890 891 892 465 467 463 893 476 894 407 482 895 896 477 401 843 897 480 488 484 483 391 499 389 393 496 394 500 512 503 503 514 504 898 513 466 466 509 469 505 464 460 502 899 464 490 517 515 489 516 517 497 479 501 501 484 500 434 900 901 430 902 900 440 903 904 439 905 903 906 522 907 908 518 909 529 910 911 533 912 913 535 521 523 914 524 526 544 550 542 538 545 536 915 916 548 917 551 553 539 918 919 543 920 544 539 392 394 397 536 395 551 921 922 547 370 545 508 910 506 
						511 912 509 909 923 908 924 906 907 413 532 925 416 529 417 920 926 505 918 496 495 386 927 524 928 518 520 929 457 459 462 915 460 930 931 932 933 934 935 936 937 938 939 940 941 749 559 558 88 606 554 12 608 865 147 73 563 201 561 942 351 208 342 655 156 225 567 574 159 572 226 162 170 268 602 171 132 673 233 688 683 833 597 596 123 943 944 826 828 945 588 217 179 180 135 694 590 680 946 947 622 857 581 245 579 620 870 618 637 258 195 200 699 690 578 677 5 599 644 572 948 574 949 265 950 634 951 952 953 13 865 867 90 604 88 441 942 0 904 206 440 665 954 666 955 956 957 958 614 71 123 616 943 618 871 854 947 859 959 902 219 624 222 136 135 776 232 298 639 289 229 315 702 800 240 762 270 248 810 649 652 326 247 261 798 681 286 304 260 874 960 891 
						275 881 667 641 808 639 646 807 284 281 659 647 649 886 868 961 879 962 963 964 965 942 670 1 563 75 671 673 127 685 683 710 700 690 721 689 5 714 10 694 133 693 69 680 696 681 795 697 800 724 791 729 127 126 700 709 722 689 743 711 10 736 966 693 129 715 67 696 718 697 786 719 791 746 788 1 704 3 671 77 705 751 126 967 722 732 744 711 757 733 966 754 968 715 121 737 65 718 740 719 783 741 788 758 779 3 726 8 705 79 727 751 949 567 744 569 655 733 653 581 968 583 947 737 123 592 62 740 597 741 774 652 779 656 776 8 748 12 727 81 749 802 812 292 80 296 813 307 68 797 305 969 816 318 377 960 970 971 972 973 838 974 975 976 977 804 89 802 969 935 934 978 979 980 981 982 983 884 768 70 884 72 883 361 801 984 773 770 327 984 792 74 
						797 66 794 794 64 785 74 789 76 78 789 780 785 61 782 782 63 773 78 777 80 89 554 812 81 813 559 818 946 68 816 626 588 378 354 337 985 400 369 986 480 407 427 987 988 989 410 423 358 984 73 70 826 958 63 833 770 395 545 370 990 991 992 993 929 994 413 524 530 995 909 518 996 997 998 999 1000 1001 394 1002 539 391 477 497 420 485 424 417 911 508 854 643 599 959 600 948 435 0 136 905 434 901 122 867 616 71 862 90 868 806 641 873 659 881 646 891 1003 962 661 963 883 87 804 889 1004 887 1005 1006 1007 1008 1009 1010 1011 843 480 894 998 991 899 514 898 460 920 505 469 912 906 500 490 515 906 535 523 915 544 920 0 942 1 2 1 3 5 10 6 4 3 8 10 966 11 9 8 12 14 1012 15 17 1013 18 20 1014 21 23 1015 24 26 1016 27 29 1017 30 
						32 1018 33 35 47 36 38 32 34 40 1019 41 43 1020 44 33 1021 46 47 1022 48 41 57 49 50 1023 51 53 1024 54 41 1025 56 58 1026 59 61 65 62 64 67 65 66 69 67 68 946 69 70 958 71 73 984 74 75 74 76 77 76 78 79 78 80 82 86 83 85 1027 86 87 90 88 72 71 90 45 92 91 60 59 92 93 96 94 55 54 96 97 100 98 52 51 100 101 104 102 36 48 104 60 106 105 45 44 106 107 101 103 37 36 101 22 110 109 31 30 110 31 112 111 22 21 112 113 116 114 19 18 116 117 120 118 16 15 120 121 124 122 124 9 13 125 128 126 6 11 128 129 130 124 130 4 9 131 125 127 7 6 125 133 134 130 134 2 4 135 136 134 136 0 2 137 1028 7 138 1029 139 141 1030 142 144 1031 145 147 562 148 150 1032 151 153 825 154 
						156 568 157 159 1033 160 162 627 163 165 565 166 168 1034 169 171 674 172 174 589 175 177 1035 178 180 679 181 183 1036 184 186 1037 187 189 1038 190 192 1039 193 195 630 196 198 1040 199 201 610 202 204 1041 205 207 1041 204 215 1042 216 218 1042 215 1043 1044 1045 223 1046 224 226 230 227 229 761 227 224 1046 231 233 237 234 236 628 234 238 1047 239 241 1047 238 243 1048 244 246 1048 243 248 252 249 251 586 249 253 631 254 256 1049 257 259 1049 256 261 255 254 263 1050 264 266 1051 267 269 1051 266 271 1051 269 273 1052 274 276 1053 277 279 1054 280 282 1055 283 285 1055 282 287 1055 285 289 293 290 292 834 290 294 1056 295 297 1056 294 299 308 300 302 306 303 305 835 306 307 300 308 310 319 311 313 317 314 316 1057 317 318 311 319 321 629 322 324 328 325 327 769 328 323 322 329 1058 1059 1060 
						985 820 1061 337 341 338 340 338 341 343 1062 344 346 1063 347 344 1062 349 351 355 352 354 831 352 356 1064 357 359 1065 360 362 366 363 365 766 363 367 371 368 370 1066 1067 1068 1069 1070 375 379 376 378 819 379 380 387 381 383 1071 384 386 381 387 389 1072 390 392 1073 393 395 399 396 398 396 399 401 842 402 404 1074 405 407 1075 408 410 414 411 413 925 411 415 1076 416 418 1077 419 421 1078 422 424 1079 425 427 848 428 430 1080 431 433 1080 430 435 860 436 438 1081 439 441 861 442 439 1081 444 1082 1083 1084 457 1085 458 460 464 461 463 461 464 466 470 467 469 924 470 1086 1087 1088 474 1089 475 477 1090 478 480 897 481 479 478 483 485 489 486 488 486 489 843 845 1091 494 1092 495 497 501 498 500 503 498 502 498 503 505 926 498 506 1093 507 509 513 510 512 510 513 515 517 510 516 846 510 
						518 1094 519 521 1095 522 524 927 525 527 1096 528 530 914 531 533 1097 534 536 1098 537 539 919 540 542 1099 543 545 1100 546 548 916 549 551 922 552 554 606 555 557 1101 558 150 152 560 562 147 563 170 169 241 565 165 233 159 161 566 568 156 569 162 164 571 573 1033 159 575 195 197 577 1039 192 579 1102 580 582 622 583 251 620 585 244 1103 579 179 178 587 589 174 590 592 1104 593 595 1105 596 208 153 155 203 1032 150 572 571 598 573 574 600 602 1106 168 173 1107 603 604 863 605 607 865 608 206 205 438 610 201 441 208 204 340 204 206 611 612 1108 613 615 943 616 618 855 619 621 857 622 217 216 177 220 222 180 624 219 215 625 215 217 162 226 228 158 223 225 240 239 310 628 236 315 248 250 629 246 247 326 258 257 630 631 253 200 602 268 267 633 263 265 278 277 635 287 288 637 
						639 642 640 642 644 643 260 256 285 256 258 288 229 230 642 230 226 644 284 283 645 279 281 647 270 266 238 266 268 242 649 650 252 650 870 251 247 243 651 243 245 653 225 224 654 224 232 656 657 1109 658 660 964 661 657 281 280 664 1110 665 667 1111 273 668 1112 265 561 560 669 564 563 671 673 686 674 675 688 165 200 690 676 194 692 677 180 694 678 176 695 680 681 682 255 682 699 253 683 684 237 684 702 236 685 708 686 687 710 688 689 712 676 691 714 677 693 716 678 695 717 696 697 698 682 698 721 699 700 701 684 701 724 702 670 669 703 672 671 705 685 729 707 687 731 709 711 734 712 713 736 714 715 738 716 717 739 718 719 720 698 720 743 721 722 723 701 723 746 724 704 703 725 706 705 727 729 751 730 731 752 732 733 753 734 735 754 736 737 755 738 739 756 740 
						741 742 720 742 757 743 744 745 723 745 758 746 726 725 747 728 727 749 567 566 730 570 569 732 581 580 753 584 583 754 592 594 755 756 595 597 652 651 742 651 653 757 655 654 745 654 656 758 748 747 759 750 749 558 289 291 761 297 298 232 260 304 303 262 299 301 762 763 269 763 960 272 284 807 764 282 764 765 365 318 320 360 1057 316 330 329 767 769 327 770 327 324 772 324 326 774 298 294 775 294 296 777 776 775 778 775 777 780 773 772 781 772 774 783 782 781 784 781 783 786 779 778 787 778 780 789 788 787 790 787 789 792 785 784 793 784 786 795 794 793 796 793 795 798 791 790 799 790 792 801 800 799 313 799 801 316 802 805 803 805 808 806 305 302 764 302 304 765 292 293 805 293 289 808 318 960 763 311 763 762 330 884 809 323 809 810 797 796 300 796 798 301 
						554 556 811 557 559 813 588 587 815 817 591 590 337 339 819 820 985 369 382 1113 821 1114 1115 1116 351 353 825 356 358 147 826 832 827 829 833 596 342 341 355 341 337 354 362 364 831 359 361 358 768 767 832 771 770 833 812 811 834 814 813 296 816 815 835 309 817 818 378 375 366 375 377 365 836 1117 837 839 992 840 406 405 398 842 401 391 420 424 426 412 421 423 843 427 844 487 1118 424 420 419 846 415 417 508 413 414 381 414 410 382 427 988 847 849 1119 423 850 407 409 852 404 406 395 370 367 399 367 369 854 858 855 856 859 857 599 598 858 601 600 859 432 431 1120 860 435 222 445 444 433 861 441 435 862 866 863 864 867 865 614 613 866 617 616 867 868 869 650 869 871 870 641 640 869 640 643 871 272 874 872 274 875 873 874 646 645 875 648 647 667 881 876 878 882 879 
						881 659 658 882 662 661 883 885 809 885 886 810 804 803 885 803 806 886 887 1121 888 890 1003 891 465 468 467 893 474 476 407 480 482 896 1090 477 843 1122 897 488 490 484 391 497 499 393 494 496 500 515 512 503 512 514 898 514 513 466 513 509 505 502 464 502 504 899 490 489 517 489 485 516 497 477 479 501 479 484 434 430 900 430 432 902 440 439 903 439 445 905 906 523 522 908 1094 518 529 528 910 533 535 912 535 534 521 914 530 524 544 548 550 538 1100 545 915 1123 916 917 929 551 539 1002 918 543 1124 920 539 541 392 397 1098 536 551 993 921 547 1066 370 508 911 910 511 913 912 909 1125 923 924 469 906 413 530 532 416 527 529 920 1124 926 918 1002 496 386 388 927 1126 1127 1128 929 917 457 462 1123 915 930 1129 931 933 1130 934 936 1131 937 939 1132 940 749 81 559 88 604 606 
						12 748 608 147 358 73 201 150 561 351 153 208 655 569 156 567 949 574 572 644 226 170 242 268 171 603 132 233 165 688 833 62 597 944 1104 592 592 123 944 612 958 945 958 826 945 588 626 217 180 222 135 590 174 680 947 583 622 581 653 245 620 251 870 637 288 258 200 253 699 578 192 677 599 643 644 948 600 574 265 1112 950 1133 137 131 1133 131 132 13 12 865 90 862 604 441 201 942 904 611 206 665 1134 954 5 7 1028 5 1028 1135 958 612 614 123 122 616 618 870 871 947 857 859 222 435 136 776 656 232 639 808 289 315 236 702 240 312 762 248 321 810 652 774 326 261 301 798 286 765 304 874 272 960 275 873 881 641 806 808 646 1003 807 281 657 659 649 810 886 961 880 879 963 661 964 942 561 670 563 73 75 673 132 127 683 688 710 690 699 721 5 677 714 694 135 133 
						69 946 680 681 798 795 800 702 724 729 685 127 700 710 709 689 721 743 10 714 736 693 133 129 67 69 696 697 795 786 791 724 746 1 670 704 671 75 77 751 729 126 722 709 732 711 743 757 966 736 754 715 129 121 65 67 718 719 786 783 788 746 758 3 704 726 705 77 79 751 967 949 744 732 569 733 757 653 968 754 583 737 121 123 62 65 740 741 783 774 779 758 656 8 726 748 727 79 81 802 89 812 80 777 296 307 818 68 305 807 969 318 365 377 972 936 970 936 938 970 938 1136 970 973 836 838 977 1137 1138 1137 1139 1138 1138 975 977 804 87 89 969 807 935 1140 1141 979 1141 980 979 980 1142 978 981 1143 982 884 330 768 884 70 72 361 316 801 773 63 770 984 801 792 797 68 66 794 66 64 74 792 789 78 76 789 785 64 61 782 61 63 78 780 777 89 88 554 
						81 80 813 818 590 946 816 969 626 378 362 354 985 406 400 407 850 986 850 1144 986 843 987 427 987 1145 988 989 382 410 358 361 984 70 768 826 63 62 833 395 536 545 840 992 991 992 1146 990 1146 1147 990 993 551 929 413 386 524 995 1125 909 998 1148 996 1148 1149 1150 996 1148 1150 1027 85 999 85 1151 999 1027 999 1001 394 496 1002 391 401 477 420 516 485 417 529 911 854 871 643 959 859 600 435 441 0 905 445 434 122 13 867 71 614 862 868 886 806 873 647 659 646 874 891 962 879 661 883 72 87 889 1152 1004 1005 1153 1006 1008 1154 1009 480 986 1011 1011 1155 843 1155 987 843 894 476 998 899 504 514 460 915 920 469 509 912 500 484 490 906 912 535 915 548 544 
					</p>
				</polylist>
			</mesh>
		</geometry>
	</library_geometries>
	<library_visual_scenes>
		<visual_scene id="RootNode" name="RootNode">
			<node id="Cube.032" name="Cube.032">
				<matrix>0.000007 0.000000 -1.000000 28.662380 0.000000 1.000000 0.000000 77.373634 1.000000 0.000000 0.000007 -55.751114 0.000000 0.000000 0.000000 1.000000</matrix>
				<instance_geometry url="#meshId0">
					<bind_material>
						<technique_common>
							<instance_material symbol="defaultMaterial" target="#CheckeredUV_004_1001" />
						</technique_common>
					</bind_material>
				</instance_geometry>
			</node>
			<node id="Cube.033" name="Cube.033">
				<matrix>0.000007 0.000000 -1.000000 2.310671 0.000000 1.000000 0.000000 77.373634 1.000000 0.000000 0.000007 -52.056801 0.000000 0.000000 0.000000 1.000000</matrix>
				<instance_geometry url="#meshId1">
					<bind_material>
						<technique_common>
							<instance_material symbol="defaultMaterial" target="#CheckeredUV_004_1001" />
						</technique_common>
					</bind_material>
				</instance_geometry>
			</node>
			<node id="Cube.034" name="Cube.034">
				<matrix>0.000007 0.000000 -1.000000 28.164417 0.000000 1.000000 0.000000 77.373634 1.000000 0.000000 0.000007 -49.340775 0.000000 0.000000 0.000000 1.000000</matrix>
				<instance_geometry url="#meshId2">
					<bind_material>
						<technique_common>
							<instance_material symbol="defaultMaterial" target="#CheckeredUV_004_1001" />
						</technique_common>
					</bind_material>
				</instance_geometry>
			</node>
			<node id="Cube.035" name="Cube.035">
				<matrix>0.000007 0.000000 -1.000000 44.047649 0.000000 1.000000 0.000000 77.373634 1.000000 0.000000 0.000007 -55.694027 0.000000 0.000000 0.000000 1.000000</matrix>
				<instance_geometry url="#meshId3">
					<bind_material>
						<technique_common>
							<instance_material symbol="defaultMaterial" target="#CheckeredUV_004_1001" />
						</technique_common>
					</bind_material>
				</instance_geometry>
			</node>
			<node id="Cube.036" name="Cube.036">
				<matrix>0.000007 0.000000 -1.000000 -10.671101 0.000000 1.000000 0.000000 77.373634 1.000000 0.000000 0.000007 -52.300041 0.000000 0.000000 0.000000 1.000000</matrix>
				<instance_geometry url="#meshId4">
					<bind_material>
						<technique_common>
							<instance_material symbol="defaultMaterial" target="#CheckeredUV_004_1001" />
						</technique_common>
					</bind_material>
				</instance_geometry>
			</node>
			<node id="Cube.037" name="Cube.037">
				<matrix>0.000007 0.000000 -1.000000 -27.399626 0.000000 1.000000 0.000000 77.373634 1.000000 0.000000 0.000007 -37.163280 0.000000 0.000000 0.000000 1.000000</matrix>
				<instance_geometry url="#meshId5">
					<bind_material>
						<technique_common>
							<instance_material symbol="defaultMaterial" target="#CheckeredUV_004_1001" />
						</technique_common>
					</bind_material>
				</instance_geometry>
			</node>
			<node id="Cube.038" name="Cube.038">
				<matrix>0.000007 0.000000 -1.000000 -59.629269 0.000000 1.000000 0.000000 77.373634 1.000000 0.000000 0.000007 -52.551533 0.000000 0.000000 0.000000 1.000000</matrix>
				<instance_geometry url="#meshId6">
					<bind_material>
						<technique_common>
							<instance_material symbol="defaultMaterial" target="#CheckeredUV_004_1001" />
						</technique_common>
					</bind_material>
				</instance_geometry>
			</node>
			<node id="Cube.039" name="Cube.039">
				<matrix>0.000007 0.000000 -1.000000 -49.471954 0.000000 1.000000 0.000000 77.373634 1.000000 0.000000 0.000007 -52.551468 0.000000 0.000000 0.000000 1.000000</matrix>
				<instance_geometry url="#meshId7">
					<bind_material>
						<technique_common>
							<instance_material symbol="defaultMaterial" target="#CheckeredUV_004_1001" />
						</technique_common>
					</bind_material>
				</instance_geometry>
			</node>
			<node id="Cube.040" name="Cube.040">
				<matrix>0.000007 0.000000 -1.000000 -39.441612 0.000000 1.000000 0.000000 77.373634 1.000000 0.000000 0.000007 -52.551395 0.000000 0.000000 0.000000 1.000000</matrix>
				<instance_geometry url="#meshId8">
					<bind_material>
						<technique_common>
							<instance_material symbol="defaultMaterial" target="#CheckeredUV_004_1001" />
						</technique_common>
					</bind_material>
				</instance_geometry>
			</node>
			<node id="Cube.042" name="Cube.042">
				<matrix>0.000007 0.000000 -1.000000 -59.629269 0.000000 1.000000 0.000000 77.373634 1.000000 0.000000 0.000007 -52.551533 0.000000 0.000000 0.000000 1.000000</matrix>
				<instance_geometry url="#meshId9">
					<bind_material>
						<technique_common>
							<instance_material symbol="defaultMaterial" target="#CheckeredUV_004_1001" />
						</technique_common>
					</bind_material>
				</instance_geometry>
			</node>
			<node id="Cube.043" name="Cube.043">
				<matrix>0.000007 0.000000 -1.000000 -59.629269 0.000000 1.000000 0.000000 77.373634 1.000000 0.000000 0.000007 -52.551533 0.000000 0.000000 0.000000 1.000000</matrix>
				<instance_geometry url="#meshId10">
					<bind_material>
						<technique_common>
							<instance_material symbol="defaultMaterial" target="#CheckeredUV_004_1001" />
						</technique_common>
					</bind_material>
				</instance_geometry>
			</node>
			<node id="Cube.044" name="Cube.044">
				<matrix>0.000007 0.000000 -1.000000 -59.629269 0.000000 1.000000 0.000000 77.373634 1.000000 0.000000 0.000007 -52.551533 0.000000 0.000000 0.000000 1.000000</matrix>
				<instance_geometry url="#meshId11">
					<bind_material>
						<technique_common>
							<instance_material symbol="defaultMaterial" target="#CheckeredUV_004_1001" />
						</technique_common>
					</bind_material>
				</instance_geometry>
			</node>
			<node id="Cube.045" name="Cube.045">
				<matrix>0.000007 0.000000 -1.000000 -39.441612 0.000000 1.000000 0.000000 77.373634 1.000000 0.000000 0.000007 -52.551395 0.000000 0.000000 0.000000 1.000000</matrix>
				<instance_geometry url="#meshId12">
					<bind_material>
						<technique_common>
							<instance_material symbol="defaultMaterial" target="#CheckeredUV_004_1001" />
						</technique_common>
					</bind_material>
				</instance_geometry>
			</node>
			<node id="Cube.046" name="Cube.046">
				<matrix>0.000007 0.000000 -1.000000 -39.441612 0.000000 1.000000 0.000000 77.373634 1.000000 0.000000 0.000007 -52.551395 0.000000 0.000000 0.000000 1.000000</matrix>
				<instance_geometry url="#meshId13">
					<bind_material>
						<technique_common>
							<instance_material symbol="defaultMaterial" target="#CheckeredUV_004_1001" />
						</technique_common>
					</bind_material>
				</instance_geometry>
			</node>
			<node id="Cube.047" name="Cube.047">
				<matrix>0.000007 0.000000 -1.000000 -39.441612 0.000000 1.000000 0.000000 77.373634 1.000000 0.000000 0.000007 -52.551395 0.000000 0.000000 0.000000 1.000000</matrix>
				<instance_geometry url="#meshId14">
					<bind_material>
						<technique_common>
							<instance_material symbol="defaultMaterial" target="#CheckeredUV_004_1001" />
						</technique_common>
					</bind_material>
				</instance_geometry>
			</node>
			<node id="Cube.048" name="Cube.048">
				<matrix>0.000007 0.000000 -1.000000 -49.471954 0.000000 1.000000 0.000000 77.373634 1.000000 0.000000 0.000007 -52.551468 0.000000 0.000000 0.000000 1.000000</matrix>
				<instance_geometry url="#meshId15">
					<bind_material>
						<technique_common>
							<instance_material symbol="defaultMaterial" target="#CheckeredUV_004_1001" />
						</technique_common>
					</bind_material>
				</instance_geometry>
			</node>
			<node id="Cube.049" name="Cube.049">
				<matrix>0.000007 0.000000 -1.000000 -49.471954 0.000000 1.000000 0.000000 77.373634 1.000000 0.000000 0.000007 -52.551468 0.000000 0.000000 0.000000 1.000000</matrix>
				<instance_geometry url="#meshId16">
					<bind_material>
						<technique_common>
							<instance_material symbol="defaultMaterial" target="#CheckeredUV_004_1001" />
						</technique_common>
					</bind_material>
				</instance_geometry>
			</node>
			<node id="Cube.050" name="Cube.050">
				<matrix>0.000007 0.000000 -1.000000 -49.471954 0.000000 1.000000 0.000000 77.373634 1.000000 0.000000 0.000007 -52.551468 0.000000 0.000000 0.000000 1.000000</matrix>
				<instance_geometry url="#meshId17">
					<bind_material>
						<technique_common>
							<instance_material symbol="defaultMaterial" target="#CheckeredUV_004_1001" />
						</technique_common>
					</bind_material>
				</instance_geometry>
			</node>
			<node id="Cube.051" name="Cube.051">
				<matrix>0.000007 0.000000 -1.000000 -27.399626 0.000000 1.000000 0.000000 77.373634 1.000000 0.000000 0.000007 -37.163280 0.000000 0.000000 0.000000 1.000000</matrix>
				<instance_geometry url="#meshId18">
					<bind_material>
						<technique_common>
							<instance_material symbol="defaultMaterial" target="#CheckeredUV_004_1001" />
						</technique_common>
					</bind_material>
				</instance_geometry>
			</node>
			<node id="Cube.052" name="Cube.052">
				<matrix>0.000007 0.000000 -1.000000 -10.671101 0.000000 1.000000 0.000000 77.373634 1.000000 0.000000 0.000007 -52.300041 0.000000 0.000000 0.000000 1.000000</matrix>
				<instance_geometry url="#meshId19">
					<bind_material>
						<technique_common>
							<instance_material symbol="defaultMaterial" target="#CheckeredUV_004_1001" />
						</technique_common>
					</bind_material>
				</instance_geometry>
			</node>
			<node id="Cube.053" name="Cube.053">
				<matrix>0.000007 0.000000 -1.000000 44.047649 0.000000 1.000000 0.000000 77.373634 1.000000 0.000000 0.000007 -55.694027 0.000000 0.000000 0.000000 1.000000</matrix>
				<instance_geometry url="#meshId20">
					<bind_material>
						<technique_common>
							<instance_material symbol="defaultMaterial" target="#CheckeredUV_004_1001" />
						</technique_common>
					</bind_material>
				</instance_geometry>
			</node>
			<node id="Cube.054" name="Cube.054">
				<matrix>0.000007 0.000000 -1.000000 44.047649 0.000000 1.000000 0.000000 77.373634 1.000000 0.000000 0.000007 -55.694027 0.000000 0.000000 0.000000 1.000000</matrix>
				<instance_geometry url="#meshId21">
					<bind_material>
						<technique_common>
							<instance_material symbol="defaultMaterial" target="#CheckeredUV_004_1001" />
						</technique_common>
					</bind_material>
				</instance_geometry>
			</node>
			<node id="Cube.055" name="Cube.055">
				<matrix>0.000007 0.000000 -1.000000 44.047649 0.000000 1.000000 0.000000 77.373634 1.000000 0.000000 0.000007 -55.694027 0.000000 0.000000 0.000000 1.000000</matrix>
				<instance_geometry url="#meshId22">
					<bind_material>
						<technique_common>
							<instance_material symbol="defaultMaterial" target="#CheckeredUV_004_1001" />
						</technique_common>
					</bind_material>
				</instance_geometry>
			</node>
			<node id="Cube.056" name="Cube.056">
				<matrix>0.000007 0.000000 -1.000000 28.662380 0.000000 1.000000 0.000000 77.373634 1.000000 0.000000 0.000007 -55.751114 0.000000 0.000000 0.000000 1.000000</matrix>
				<instance_geometry url="#meshId23">
					<bind_material>
						<technique_common>
							<instance_material symbol="defaultMaterial" target="#CheckeredUV_004_1001" />
						</technique_common>
					</bind_material>
				</instance_geometry>
			</node>
			<node id="Cube.058" name="Cube.058">
				<matrix>1.000000 0.000000 0.000000 0.000000 0.000000 1.000000 0.000000 69.863129 0.000000 0.000000 1.000000 0.000000 0.000000 0.000000 0.000000 1.000000</matrix>
				<instance_geometry url="#meshId24">
					<bind_material>
						<technique_common>
							<instance_material symbol="defaultMaterial" target="#CheckeredUV_004_1001" />
						</technique_common>
					</bind_material>
				</instance_geometry>
			</node>
		</visual_scene>
	</library_visual_scenes>
	<scene>
		<instance_visual_scene url="#RootNode" />
	</scene>
</COLLADA>
